param1,param2,param3,lik
0.001,0.5,0.1,-2835.784355043654
0.001,0.5,0.15000000000000002,-Inf
0.001,0.5,0.2,-1664.7833303769112
0.001,0.5,0.25,-576.81281976349
0.001,0.5,0.30000000000000004,-357.55054501161595
0.001,0.5,0.35,-214.47640408095123
0.001,0.5,0.4,-204.86345782464923
0.001,0.5,0.45000000000000007,-203.8617674398085
0.001,0.5,0.5,-243.61486356674544
0.001,0.5,0.55,-184.58296969964232
0.001,0.5,0.6,-185.19498526756269
0.001,0.55,0.1,-Inf
0.001,0.55,0.15000000000000002,-Inf
0.001,0.55,0.2,-845.8564228048028
0.001,0.55,0.25,-982.260688383107
0.001,0.55,0.30000000000000004,-666.0026792332809
0.001,0.55,0.35,-367.9221457582985
0.001,0.55,0.4,-360.86365587604894
0.001,0.55,0.45000000000000007,-216.24351413275565
0.001,0.55,0.5,-192.99962293581405
0.001,0.55,0.55,-Inf
0.001,0.55,0.6,-204.43842741717611
0.001,0.6,0.1,-Inf
0.001,0.6,0.15000000000000002,-Inf
0.001,0.6,0.2,-Inf
0.001,0.6,0.25,-Inf
0.001,0.6,0.30000000000000004,-541.2893478802663
0.001,0.6,0.35,-384.7170721803046
0.001,0.6,0.4,-334.3962190467094
0.001,0.6,0.45000000000000007,-200.65823800177367
0.001,0.6,0.5,-Inf
0.001,0.6,0.55,-185.47070013097908
0.001,0.6,0.6,-199.8682274945308
0.001,0.65,0.1,-Inf
0.001,0.65,0.15000000000000002,-Inf
0.001,0.65,0.2,-933.1268729558828
0.001,0.65,0.25,-Inf
0.001,0.65,0.30000000000000004,-365.34114628351546
0.001,0.65,0.35,-462.8284895237441
0.001,0.65,0.4,-Inf
0.001,0.65,0.45000000000000007,-193.0875095347452
0.001,0.65,0.5,-193.74568036815958
0.001,0.65,0.55,-198.2363229514508
0.001,0.65,0.6,-201.7507770707677
0.001,0.7,0.1,-Inf
0.001,0.7,0.15000000000000002,-1454.3857498743846
0.001,0.7,0.2,-1253.678786154403
0.001,0.7,0.25,-Inf
0.001,0.7,0.30000000000000004,-834.9530084652577
0.001,0.7,0.35,-379.5704708434387
0.001,0.7,0.4,-223.39050286785618
0.001,0.7,0.45000000000000007,-194.61086146983985
0.001,0.7,0.5,-218.18530132878078
0.001,0.7,0.55,-201.9621428457013
0.001,0.7,0.6,-199.48810193055476
0.001,0.75,0.1,-2091.925475666422
0.001,0.75,0.15000000000000002,-1495.065456981867
0.001,0.75,0.2,-1220.8247492119212
0.001,0.75,0.25,-486.65074389629234
0.001,0.75,0.30000000000000004,-288.617431093863
0.001,0.75,0.35,-328.82112816995505
0.001,0.75,0.4,-261.7064897434553
0.001,0.75,0.45000000000000007,-253.25811187610663
0.001,0.75,0.5,-185.3068218629963
0.001,0.75,0.55,-192.92713419227948
0.001,0.75,0.6,-191.95099375525808
0.001,0.8,0.1,-Inf
0.001,0.8,0.15000000000000002,-Inf
0.001,0.8,0.2,-Inf
0.001,0.8,0.25,-691.6320253364513
0.001,0.8,0.30000000000000004,-337.20248789864866
0.001,0.8,0.35,-282.21162156151206
0.001,0.8,0.4,-221.57707286930417
0.001,0.8,0.45000000000000007,-Inf
0.001,0.8,0.5,-224.04014314303072
0.001,0.8,0.55,-189.76764602177093
0.001,0.8,0.6,-211.49627624026976
0.001,0.8500000000000001,0.1,-2739.6969019339663
0.001,0.8500000000000001,0.15000000000000002,-Inf
0.001,0.8500000000000001,0.2,-Inf
0.001,0.8500000000000001,0.25,-590.6568743256001
0.001,0.8500000000000001,0.30000000000000004,-Inf
0.001,0.8500000000000001,0.35,-309.8142175889984
0.001,0.8500000000000001,0.4,-221.60795532443132
0.001,0.8500000000000001,0.45000000000000007,-236.67546809344333
0.001,0.8500000000000001,0.5,-192.85760933289856
0.001,0.8500000000000001,0.55,-208.34456616354555
0.001,0.8500000000000001,0.6,-197.62285225238594
0.001,0.9,0.1,-2344.9918679314583
0.001,0.9,0.15000000000000002,-1327.265281241833
0.001,0.9,0.2,-Inf
0.001,0.9,0.25,-610.6413924013681
0.001,0.9,0.30000000000000004,-479.3272242466134
0.001,0.9,0.35,-Inf
0.001,0.9,0.4,-Inf
0.001,0.9,0.45000000000000007,-297.9896132595852
0.001,0.9,0.5,-Inf
0.001,0.9,0.55,-183.10893229896806
0.001,0.9,0.6,-222.3153338046647
0.001,0.95,0.1,-1694.5396677459473
0.001,0.95,0.15000000000000002,-1242.1046817212703
0.001,0.95,0.2,-1262.880300175556
0.001,0.95,0.25,-Inf
0.001,0.95,0.30000000000000004,-591.651624413935
0.001,0.95,0.35,-Inf
0.001,0.95,0.4,-261.1021321103637
0.001,0.95,0.45000000000000007,-210.71280930111243
0.001,0.95,0.5,-220.06060689144874
0.001,0.95,0.55,-190.17462751960625
0.001,0.95,0.6,-199.85858820268993
0.001,1,0.1,-Inf
0.001,1,0.15000000000000002,-Inf
0.001,1,0.2,-Inf
0.001,1,0.25,-Inf
0.001,1,0.30000000000000004,-485.6345843680575
0.001,1,0.35,-Inf
0.001,1,0.4,-277.0027932976716
0.001,1,0.45000000000000007,-239.17012540365636
0.001,1,0.5,-219.8684221288109
0.001,1,0.55,-180.82105497633768
0.001,1,0.6,-226.8444710650959
0.002,0.5,0.1,-Inf
0.002,0.5,0.15000000000000002,-1540.2768601841244
0.002,0.5,0.2,-859.2679910686269
0.002,0.5,0.25,-Inf
0.002,0.5,0.30000000000000004,-500.45814106170127
0.002,0.5,0.35,-199.12207530519464
0.002,0.5,0.4,-Inf
0.002,0.5,0.45000000000000007,-204.18517684064136
0.002,0.5,0.5,-213.45802694583682
0.002,0.5,0.55,-200.7344635609458
0.002,0.5,0.6,-177.18113227514903
0.002,0.55,0.1,-Inf
0.002,0.55,0.15000000000000002,-1265.6292656412884
0.002,0.55,0.2,-841.5750087232332
0.002,0.55,0.25,-Inf
0.002,0.55,0.30000000000000004,-451.7224698827964
0.002,0.55,0.35,-318.496640762752
0.002,0.55,0.4,-242.0825301389986
0.002,0.55,0.45000000000000007,-266.0482441981416
0.002,0.55,0.5,-241.53577528842607
0.002,0.55,0.55,-242.01659849753446
0.002,0.55,0.6,-208.0715567573995
0.002,0.6,0.1,-2224.648901974296
0.002,0.6,0.15000000000000002,-1449.7623742843375
0.002,0.6,0.2,-915.7849775981314
0.002,0.6,0.25,-436.37551874488463
0.002,0.6,0.30000000000000004,-250.1069993849535
0.002,0.6,0.35,-Inf
0.002,0.6,0.4,-238.78179809186128
0.002,0.6,0.45000000000000007,-213.60573425436047
0.002,0.6,0.5,-Inf
0.002,0.6,0.55,-194.12440629220822
0.002,0.6,0.6,-216.11877252436875
0.002,0.65,0.1,-Inf
0.002,0.65,0.15000000000000002,-Inf
0.002,0.65,0.2,-Inf
0.002,0.65,0.25,-823.0500131774788
0.002,0.65,0.30000000000000004,-320.03012172728955
0.002,0.65,0.35,-279.196451817175
0.002,0.65,0.4,-242.34602929770637
0.002,0.65,0.45000000000000007,-231.50883468744803
0.002,0.65,0.5,-204.72637475986699
0.002,0.65,0.55,-195.93515629307353
0.002,0.65,0.6,-202.89652868330057
0.002,0.7,0.1,-2121.6993598895965
0.002,0.7,0.15000000000000002,-1117.9320839847078
0.002,0.7,0.2,-Inf
0.002,0.7,0.25,-695.6851336019962
0.002,0.7,0.30000000000000004,-441.65734411320653
0.002,0.7,0.35,-358.74983178117543
0.002,0.7,0.4,-347.8453674527955
0.002,0.7,0.45000000000000007,-236.57453717978166
0.002,0.7,0.5,-218.5475316418876
0.002,0.7,0.55,-191.82858930738496
0.002,0.7,0.6,-226.99516113320288
0.002,0.75,0.1,-Inf
0.002,0.75,0.15000000000000002,-Inf
0.002,0.75,0.2,-1092.9681520281476
0.002,0.75,0.25,-572.9769876863631
0.002,0.75,0.30000000000000004,-391.04213167817653
0.002,0.75,0.35,-341.6998950539713
0.002,0.75,0.4,-254.04109908859806
0.002,0.75,0.45000000000000007,-228.78403047719473
0.002,0.75,0.5,-208.845007565275
0.002,0.75,0.55,-202.91819577432284
0.002,0.75,0.6,-216.39378777092645
0.002,0.8,0.1,-Inf
0.002,0.8,0.15000000000000002,-Inf
0.002,0.8,0.2,-750.3161929485167
0.002,0.8,0.25,-699.6180436282796
0.002,0.8,0.30000000000000004,-505.3053221308918
0.002,0.8,0.35,-391.08270736438317
0.002,0.8,0.4,-250.9543874260799
0.002,0.8,0.45000000000000007,-223.17870548402954
0.002,0.8,0.5,-243.3132862321628
0.002,0.8,0.55,-189.74512934441634
0.002,0.8,0.6,-187.1566008190719
0.002,0.8500000000000001,0.1,-Inf
0.002,0.8500000000000001,0.15000000000000002,-1564.5157918417492
0.002,0.8500000000000001,0.2,-Inf
0.002,0.8500000000000001,0.25,-341.18815335447846
0.002,0.8500000000000001,0.30000000000000004,-Inf
0.002,0.8500000000000001,0.35,-425.51074941230183
0.002,0.8500000000000001,0.4,-275.18199529157187
0.002,0.8500000000000001,0.45000000000000007,-211.35845477358345
0.002,0.8500000000000001,0.5,-208.2417495589636
0.002,0.8500000000000001,0.55,-184.83939317554638
0.002,0.8500000000000001,0.6,-204.67786695511597
0.002,0.9,0.1,-2280.6626466363923
0.002,0.9,0.15000000000000002,-1516.911365819288
0.002,0.9,0.2,-859.8996080330417
0.002,0.9,0.25,-Inf
0.002,0.9,0.30000000000000004,-Inf
0.002,0.9,0.35,-Inf
0.002,0.9,0.4,-232.39425230302032
0.002,0.9,0.45000000000000007,-270.9973194459397
0.002,0.9,0.5,-249.1616631569293
0.002,0.9,0.55,-197.81937751638446
0.002,0.9,0.6,-179.29558805966593
0.002,0.95,0.1,-2534.3606597904836
0.002,0.95,0.15000000000000002,-1484.7208925564687
0.002,0.95,0.2,-1093.3999025878838
0.002,0.95,0.25,-786.2979701630297
0.002,0.95,0.30000000000000004,-434.88762269122634
0.002,0.95,0.35,-Inf
0.002,0.95,0.4,-Inf
0.002,0.95,0.45000000000000007,-185.18291683907756
0.002,0.95,0.5,-228.21052012506277
0.002,0.95,0.55,-236.89461347888647
0.002,0.95,0.6,-187.07076355651452
0.002,1,0.1,-2316.370686438482
0.002,1,0.15000000000000002,-Inf
0.002,1,0.2,-1075.3531799403004
0.002,1,0.25,-513.3025954507466
0.002,1,0.30000000000000004,-378.0400103172168
0.002,1,0.35,-323.1269362409837
0.002,1,0.4,-228.68615554088547
0.002,1,0.45000000000000007,-Inf
0.002,1,0.5,-217.75446618609965
0.002,1,0.55,-185.3666464798349
0.002,1,0.6,-178.87686349424223
0.003,0.5,0.1,-Inf
0.003,0.5,0.15000000000000002,-1059.9260136738267
0.003,0.5,0.2,-1186.2608041969725
0.003,0.5,0.25,-456.533338624548
0.003,0.5,0.30000000000000004,-314.56027866875945
0.003,0.5,0.35,-454.57291918020144
0.003,0.5,0.4,-212.29979711489318
0.003,0.5,0.45000000000000007,-196.16402643384816
0.003,0.5,0.5,-204.61561527053755
0.003,0.5,0.55,-222.30103097628296
0.003,0.5,0.6,-183.9212764066661
0.003,0.55,0.1,-Inf
0.003,0.55,0.15000000000000002,-1162.8132215653968
0.003,0.55,0.2,-1310.1543452111584
0.003,0.55,0.25,-580.2858523594273
0.003,0.55,0.30000000000000004,-420.2043160562829
0.003,0.55,0.35,-Inf
0.003,0.55,0.4,-230.1668986435755
0.003,0.55,0.45000000000000007,-226.4073663771465
0.003,0.55,0.5,-182.52593233108524
0.003,0.55,0.55,-243.72354304597224
0.003,0.55,0.6,-182.14483406225554
0.003,0.6,0.1,-Inf
0.003,0.6,0.15000000000000002,-902.4229861470144
0.003,0.6,0.2,-1010.7660350445133
0.003,0.6,0.25,-708.8463200577308
0.003,0.6,0.30000000000000004,-511.58043626642484
0.003,0.6,0.35,-337.35647744174844
0.003,0.6,0.4,-268.1324372231231
0.003,0.6,0.45000000000000007,-265.2035433605473
0.003,0.6,0.5,-246.36845114881203
0.003,0.6,0.55,-183.80575377448992
0.003,0.6,0.6,-181.02162438704528
0.003,0.65,0.1,-Inf
0.003,0.65,0.15000000000000002,-Inf
0.003,0.65,0.2,-906.9484445683031
0.003,0.65,0.25,-Inf
0.003,0.65,0.30000000000000004,-Inf
0.003,0.65,0.35,-332.88360595272184
0.003,0.65,0.4,-255.25836591368733
0.003,0.65,0.45000000000000007,-253.25291776314032
0.003,0.65,0.5,-238.6336591477156
0.003,0.65,0.55,-201.37496295439263
0.003,0.65,0.6,-193.79498549359715
0.003,0.7,0.1,-2240.4391138013725
0.003,0.7,0.15000000000000002,-1436.3022689196698
0.003,0.7,0.2,-513.3456364913059
0.003,0.7,0.25,-448.16938865256816
0.003,0.7,0.30000000000000004,-Inf
0.003,0.7,0.35,-342.8154562447819
0.003,0.7,0.4,-307.3527912943471
0.003,0.7,0.45000000000000007,-253.50802842581743
0.003,0.7,0.5,-201.28042345308506
0.003,0.7,0.55,-248.4036822486148
0.003,0.7,0.6,-213.2547510105196
0.003,0.75,0.1,-Inf
0.003,0.75,0.15000000000000002,-1167.2732233557294
0.003,0.75,0.2,-Inf
0.003,0.75,0.25,-Inf
0.003,0.75,0.30000000000000004,-360.6347038092225
0.003,0.75,0.35,-Inf
0.003,0.75,0.4,-336.18309596432493
0.003,0.75,0.45000000000000007,-183.43257807170983
0.003,0.75,0.5,-270.30966415632145
0.003,0.75,0.55,-204.66487272922768
0.003,0.75,0.6,-179.6261259663852
0.003,0.8,0.1,-Inf
0.003,0.8,0.15000000000000002,-1150.2261043030558
0.003,0.8,0.2,-810.1674461600883
0.003,0.8,0.25,-425.32450859095337
0.003,0.8,0.30000000000000004,-Inf
0.003,0.8,0.35,-246.88276637983392
0.003,0.8,0.4,-285.36356587494845
0.003,0.8,0.45000000000000007,-197.29738370041497
0.003,0.8,0.5,-275.4395874917925
0.003,0.8,0.55,-197.23965940996146
0.003,0.8,0.6,-217.09415141637135
0.003,0.8500000000000001,0.1,-2006.8681945224064
0.003,0.8500000000000001,0.15000000000000002,-1397.6940586850594
0.003,0.8500000000000001,0.2,-757.8482695673891
0.003,0.8500000000000001,0.25,-640.5543884680995
0.003,0.8500000000000001,0.30000000000000004,-353.6194506110329
0.003,0.8500000000000001,0.35,-351.7220730153739
0.003,0.8500000000000001,0.4,-275.03930047088886
0.003,0.8500000000000001,0.45000000000000007,-Inf
0.003,0.8500000000000001,0.5,-178.6568539756152
0.003,0.8500000000000001,0.55,-217.30858573906352
0.003,0.8500000000000001,0.6,-235.9839462425129
0.003,0.9,0.1,-Inf
0.003,0.9,0.15000000000000002,-1057.1056411512861
0.003,0.9,0.2,-998.4307003948295
0.003,0.9,0.25,-533.2501893673275
0.003,0.9,0.30000000000000004,-494.27186943758966
0.003,0.9,0.35,-337.35228521403224
0.003,0.9,0.4,-Inf
0.003,0.9,0.45000000000000007,-225.79071441693407
0.003,0.9,0.5,-236.76834167265054
0.003,0.9,0.55,-246.87478693712245
0.003,0.9,0.6,-240.7694631807483
0.003,0.95,0.1,-Inf
0.003,0.95,0.15000000000000002,-931.6677969155851
0.003,0.95,0.2,-879.4393446905003
0.003,0.95,0.25,-Inf
0.003,0.95,0.30000000000000004,-466.91404567482925
0.003,0.95,0.35,-307.21562372043087
0.003,0.95,0.4,-293.6976229010928
0.003,0.95,0.45000000000000007,-237.5572418989974
0.003,0.95,0.5,-224.91840217344287
0.003,0.95,0.55,-179.61814368917493
0.003,0.95,0.6,-179.60746758656558
0.003,1,0.1,-1540.5163879878182
0.003,1,0.15000000000000002,-1128.3116782394536
0.003,1,0.2,-Inf
0.003,1,0.25,-652.683631303933
0.003,1,0.30000000000000004,-396.7310124251733
0.003,1,0.35,-Inf
0.003,1,0.4,-Inf
0.003,1,0.45000000000000007,-244.68717457897225
0.003,1,0.5,-186.194487191542
0.003,1,0.55,-203.58808340231712
0.003,1,0.6,-179.06555014247954
0.004,0.5,0.1,-Inf
0.004,0.5,0.15000000000000002,-1503.178571014582
0.004,0.5,0.2,-Inf
0.004,0.5,0.25,-689.9217694204058
0.004,0.5,0.30000000000000004,-276.1200846088874
0.004,0.5,0.35,-366.2225196027571
0.004,0.5,0.4,-312.1745261344619
0.004,0.5,0.45000000000000007,-237.85244658577176
0.004,0.5,0.5,-207.13684719873902
0.004,0.5,0.55,-187.9315224342946
0.004,0.5,0.6,-180.79136067700222
0.004,0.55,0.1,-3383.18789831615
0.004,0.55,0.15000000000000002,-Inf
0.004,0.55,0.2,-954.9917576294857
0.004,0.55,0.25,-695.3349349403397
0.004,0.55,0.30000000000000004,-434.13763645631707
0.004,0.55,0.35,-Inf
0.004,0.55,0.4,-Inf
0.004,0.55,0.45000000000000007,-Inf
0.004,0.55,0.5,-180.42099961386344
0.004,0.55,0.55,-188.4615147500897
0.004,0.55,0.6,-185.17624670530506
0.004,0.6,0.1,-Inf
0.004,0.6,0.15000000000000002,-Inf
0.004,0.6,0.2,-900.9856617938841
0.004,0.6,0.25,-388.2857144459746
0.004,0.6,0.30000000000000004,-278.43148432473095
0.004,0.6,0.35,-342.3524996173619
0.004,0.6,0.4,-375.32395105543367
0.004,0.6,0.45000000000000007,-232.40954278339922
0.004,0.6,0.5,-Inf
0.004,0.6,0.55,-195.708997471266
0.004,0.6,0.6,-181.45409733302137
0.004,0.65,0.1,-2049.6419171803627
0.004,0.65,0.15000000000000002,-Inf
0.004,0.65,0.2,-717.4529736832263
0.004,0.65,0.25,-Inf
0.004,0.65,0.30000000000000004,-347.0391994569799
0.004,0.65,0.35,-340.42376517263335
0.004,0.65,0.4,-311.4669917711048
0.004,0.65,0.45000000000000007,-233.72062671032393
0.004,0.65,0.5,-215.45452741712432
0.004,0.65,0.55,-187.31222766463867
0.004,0.65,0.6,-180.580099689492
0.004,0.7,0.1,-1966.118848790744
0.004,0.7,0.15000000000000002,-Inf
0.004,0.7,0.2,-Inf
0.004,0.7,0.25,-718.3775840272987
0.004,0.7,0.30000000000000004,-441.3628469010714
0.004,0.7,0.35,-Inf
0.004,0.7,0.4,-219.67252008719117
0.004,0.7,0.45000000000000007,-236.50042316044284
0.004,0.7,0.5,-178.87494775001522
0.004,0.7,0.55,-198.60120459780126
0.004,0.7,0.6,-223.35980372578445
0.004,0.75,0.1,-1905.78098231602
0.004,0.75,0.15000000000000002,-Inf
0.004,0.75,0.2,-900.374207800656
0.004,0.75,0.25,-493.1864859164875
0.004,0.75,0.30000000000000004,-Inf
0.004,0.75,0.35,-279.004933882675
0.004,0.75,0.4,-304.8238801124845
0.004,0.75,0.45000000000000007,-282.08853039554367
0.004,0.75,0.5,-280.43660794190856
0.004,0.75,0.55,-187.42064209179796
0.004,0.75,0.6,-184.56832114798237
0.004,0.8,0.1,-Inf
0.004,0.8,0.15000000000000002,-1293.3838550278256
0.004,0.8,0.2,-Inf
0.004,0.8,0.25,-681.4832842841842
0.004,0.8,0.30000000000000004,-342.4856370680278
0.004,0.8,0.35,-Inf
0.004,0.8,0.4,-270.29056780752194
0.004,0.8,0.45000000000000007,-254.58585376672545
0.004,0.8,0.5,-296.96416633359667
0.004,0.8,0.55,-194.59937189977245
0.004,0.8,0.6,-207.8097944138314
0.004,0.8500000000000001,0.1,-Inf
0.004,0.8500000000000001,0.15000000000000002,-1392.8382676112585
0.004,0.8500000000000001,0.2,-Inf
0.004,0.8500000000000001,0.25,-456.9077037655353
0.004,0.8500000000000001,0.30000000000000004,-306.6698262372574
0.004,0.8500000000000001,0.35,-335.45541695107056
0.004,0.8500000000000001,0.4,-283.1059422811858
0.004,0.8500000000000001,0.45000000000000007,-293.5347415708422
0.004,0.8500000000000001,0.5,-224.63433479474782
0.004,0.8500000000000001,0.55,-275.3729562198462
0.004,0.8500000000000001,0.6,-184.4545687343322
0.004,0.9,0.1,-Inf
0.004,0.9,0.15000000000000002,-913.7133507509743
0.004,0.9,0.2,-Inf
0.004,0.9,0.25,-488.183808155815
0.004,0.9,0.30000000000000004,-315.7933334956649
0.004,0.9,0.35,-419.39295206267235
0.004,0.9,0.4,-242.0176806877642
0.004,0.9,0.45000000000000007,-247.77247133768282
0.004,0.9,0.5,-220.25141360546917
0.004,0.9,0.55,-234.65744962498587
0.004,0.9,0.6,-251.82381334650347
0.004,0.95,0.1,-1977.4780165935838
0.004,0.95,0.15000000000000002,-1114.817176555531
0.004,0.95,0.2,-673.4149493992888
0.004,0.95,0.25,-435.79605658132994
0.004,0.95,0.30000000000000004,-366.2954562066995
0.004,0.95,0.35,-313.55482545812583
0.004,0.95,0.4,-Inf
0.004,0.95,0.45000000000000007,-274.34835885728546
0.004,0.95,0.5,-196.38724240416047
0.004,0.95,0.55,-187.21347759711574
0.004,0.95,0.6,-178.67078809206384
0.004,1,0.1,-1374.1768796092529
0.004,1,0.15000000000000002,-704.7771476026135
0.004,1,0.2,-685.577643281049
0.004,1,0.25,-520.255307888519
0.004,1,0.30000000000000004,-Inf
0.004,1,0.35,-370.38241599974776
0.004,1,0.4,-270.49783130831094
0.004,1,0.45000000000000007,-182.4271244050022
0.004,1,0.5,-254.51973150537845
0.004,1,0.55,-180.14841224158187
0.004,1,0.6,-181.71963257733267
0.005,0.5,0.1,-1799.7628865310023
0.005,0.5,0.15000000000000002,-Inf
0.005,0.5,0.2,-789.1073388977709
0.005,0.5,0.25,-330.8558165181043
0.005,0.5,0.30000000000000004,-364.1124433856563
0.005,0.5,0.35,-332.1147169526493
0.005,0.5,0.4,-263.3563762138575
0.005,0.5,0.45000000000000007,-Inf
0.005,0.5,0.5,-198.83960057585284
0.005,0.5,0.55,-203.6536228983137
0.005,0.5,0.6,-183.9619974702012
0.005,0.55,0.1,-2013.4239712915034
0.005,0.55,0.15000000000000002,-Inf
0.005,0.55,0.2,-774.0193761441924
0.005,0.55,0.25,-507.69143139550147
0.005,0.55,0.30000000000000004,-Inf
0.005,0.55,0.35,-387.2758127093177
0.005,0.55,0.4,-314.9314264264467
0.005,0.55,0.45000000000000007,-Inf
0.005,0.55,0.5,-203.66327690674478
0.005,0.55,0.55,-264.1992929604909
0.005,0.55,0.6,-223.0498033427171
0.005,0.6,0.1,-2046.5448381573246
0.005,0.6,0.15000000000000002,-1309.157948705667
0.005,0.6,0.2,-572.2675689897205
0.005,0.6,0.25,-722.5414661219057
0.005,0.6,0.30000000000000004,-398.5623219703663
0.005,0.6,0.35,-Inf
0.005,0.6,0.4,-283.9069649145447
0.005,0.6,0.45000000000000007,-280.726362060817
0.005,0.6,0.5,-217.11481935653046
0.005,0.6,0.55,-209.55563878002204
0.005,0.6,0.6,-211.5278088996119
0.005,0.65,0.1,-1417.6129736842217
0.005,0.65,0.15000000000000002,-Inf
0.005,0.65,0.2,-697.6353532567744
0.005,0.65,0.25,-Inf
0.005,0.65,0.30000000000000004,-406.3635973082519
0.005,0.65,0.35,-333.5491077891083
0.005,0.65,0.4,-253.03537834066526
0.005,0.65,0.45000000000000007,-184.32632733422327
0.005,0.65,0.5,-180.81288901789958
0.005,0.65,0.55,-185.358011667062
0.005,0.65,0.6,-176.59955523419626
0.005,0.7,0.1,-1765.4104768816883
0.005,0.7,0.15000000000000002,-Inf
0.005,0.7,0.2,-664.5286960456626
0.005,0.7,0.25,-521.6098590283799
0.005,0.7,0.30000000000000004,-433.4582480583678
0.005,0.7,0.35,-364.7827075516582
0.005,0.7,0.4,-302.81608100854646
0.005,0.7,0.45000000000000007,-287.0096262958344
0.005,0.7,0.5,-241.28795565087108
0.005,0.7,0.55,-194.81717704851252
0.005,0.7,0.6,-226.76461941736852
0.005,0.75,0.1,-2074.1738032639187
0.005,0.75,0.15000000000000002,-1033.8268163848613
0.005,0.75,0.2,-588.9270240071774
0.005,0.75,0.25,-633.493788692237
0.005,0.75,0.30000000000000004,-437.18467824303383
0.005,0.75,0.35,-290.4235495945777
0.005,0.75,0.4,-347.9521657930428
0.005,0.75,0.45000000000000007,-197.91915910384256
0.005,0.75,0.5,-225.64283306296807
0.005,0.75,0.55,-215.20312605480552
0.005,0.75,0.6,-196.64025787041595
0.005,0.8,0.1,-Inf
0.005,0.8,0.15000000000000002,-Inf
0.005,0.8,0.2,-Inf
0.005,0.8,0.25,-485.0422589911321
0.005,0.8,0.30000000000000004,-485.4040248973844
0.005,0.8,0.35,-297.0220600145159
0.005,0.8,0.4,-220.88815379497777
0.005,0.8,0.45000000000000007,-270.4583082959126
0.005,0.8,0.5,-225.74936053829748
0.005,0.8,0.55,-175.4065268226733
0.005,0.8,0.6,-172.77669374531968
0.005,0.8500000000000001,0.1,-Inf
0.005,0.8500000000000001,0.15000000000000002,-1280.2864950678666
0.005,0.8500000000000001,0.2,-641.2193122661856
0.005,0.8500000000000001,0.25,-408.5037121562836
0.005,0.8500000000000001,0.30000000000000004,-403.44326482847725
0.005,0.8500000000000001,0.35,-273.8321711112642
0.005,0.8500000000000001,0.4,-360.33799809859386
0.005,0.8500000000000001,0.45000000000000007,-233.88893676692754
0.005,0.8500000000000001,0.5,-241.40590230509554
0.005,0.8500000000000001,0.55,-176.91100743741362
0.005,0.8500000000000001,0.6,-177.01411822599596
0.005,0.9,0.1,-Inf
0.005,0.9,0.15000000000000002,-798.8806268061367
0.005,0.9,0.2,-1080.8057171362684
0.005,0.9,0.25,-357.1948102711148
0.005,0.9,0.30000000000000004,-544.8688699982549
0.005,0.9,0.35,-270.1421220083892
0.005,0.9,0.4,-263.4602327280501
0.005,0.9,0.45000000000000007,-187.6619972768359
0.005,0.9,0.5,-299.250003300256
0.005,0.9,0.55,-177.8238232703353
0.005,0.9,0.6,-181.99945912871863
0.005,0.95,0.1,-1340.0494560522934
0.005,0.95,0.15000000000000002,-Inf
0.005,0.95,0.2,-898.1178838129455
0.005,0.95,0.25,-489.7705319596521
0.005,0.95,0.30000000000000004,-394.919144252839
0.005,0.95,0.35,-410.4112451925793
0.005,0.95,0.4,-Inf
0.005,0.95,0.45000000000000007,-306.54798183972133
0.005,0.95,0.5,-261.966065101927
0.005,0.95,0.55,-177.71446045850695
0.005,0.95,0.6,-180.0380577814342
0.005,1,0.1,-2213.0275316898956
0.005,1,0.15000000000000002,-1140.1531102742254
0.005,1,0.2,-693.6370460868173
0.005,1,0.25,-363.1804518638994
0.005,1,0.30000000000000004,-387.0316930793583
0.005,1,0.35,-381.44113805888253
0.005,1,0.4,-Inf
0.005,1,0.45000000000000007,-248.9133855946215
0.005,1,0.5,-191.1758718935465
0.005,1,0.55,-323.0161514245715
0.005,1,0.6,-182.25480826267852
0.006,0.5,0.1,-Inf
0.006,0.5,0.15000000000000002,-Inf
0.006,0.5,0.2,-848.6322177341585
0.006,0.5,0.25,-546.5219107449946
0.006,0.5,0.30000000000000004,-563.101017286284
0.006,0.5,0.35,-322.05725615226334
0.006,0.5,0.4,-214.17956285727882
0.006,0.5,0.45000000000000007,-224.97686117580935
0.006,0.5,0.5,-258.5627928256954
0.006,0.5,0.55,-260.8404139077394
0.006,0.5,0.6,-195.42116446410324
0.006,0.55,0.1,-1724.1489957091508
0.006,0.55,0.15000000000000002,-Inf
0.006,0.55,0.2,-826.9551206250671
0.006,0.55,0.25,-441.4258994926564
0.006,0.55,0.30000000000000004,-Inf
0.006,0.55,0.35,-297.7618239952081
0.006,0.55,0.4,-Inf
0.006,0.55,0.45000000000000007,-Inf
0.006,0.55,0.5,-287.43437526933593
0.006,0.55,0.55,-227.67193119055162
0.006,0.55,0.6,-213.63097238237754
0.006,0.6,0.1,-Inf
0.006,0.6,0.15000000000000002,-Inf
0.006,0.6,0.2,-837.258930076872
0.006,0.6,0.25,-465.0458940476094
0.006,0.6,0.30000000000000004,-365.15635265492875
0.006,0.6,0.35,-330.97809200547056
0.006,0.6,0.4,-217.38898292164998
0.006,0.6,0.45000000000000007,-273.98949054764523
0.006,0.6,0.5,-245.25308027503428
0.006,0.6,0.55,-199.40955612426268
0.006,0.6,0.6,-237.3809685458673
0.006,0.65,0.1,-1581.3669992426994
0.006,0.65,0.15000000000000002,-Inf
0.006,0.65,0.2,-Inf
0.006,0.65,0.25,-378.1497688740988
0.006,0.65,0.30000000000000004,-323.43908309262673
0.006,0.65,0.35,-403.5233088709874
0.006,0.65,0.4,-206.31262875922653
0.006,0.65,0.45000000000000007,-230.67888550414324
0.006,0.65,0.5,-250.50162966446385
0.006,0.65,0.55,-Inf
0.006,0.65,0.6,-217.67917327169351
0.006,0.7,0.1,-Inf
0.006,0.7,0.15000000000000002,-1372.3285023557314
0.006,0.7,0.2,-542.3825987338007
0.006,0.7,0.25,-406.7579993783734
0.006,0.7,0.30000000000000004,-315.64208376719404
0.006,0.7,0.35,-207.76634481129014
0.006,0.7,0.4,-337.247350221939
0.006,0.7,0.45000000000000007,-297.2839439476006
0.006,0.7,0.5,-241.7792526212727
0.006,0.7,0.55,-186.56357197863622
0.006,0.7,0.6,-198.75378238732304
0.006,0.75,0.1,-Inf
0.006,0.75,0.15000000000000002,-1079.683249932972
0.006,0.75,0.2,-590.1014880387715
0.006,0.75,0.25,-556.3438078577315
0.006,0.75,0.30000000000000004,-Inf
0.006,0.75,0.35,-425.81430324930227
0.006,0.75,0.4,-317.428778815119
0.006,0.75,0.45000000000000007,-310.38293096360644
0.006,0.75,0.5,-206.59093158861418
0.006,0.75,0.55,-174.70948175351623
0.006,0.75,0.6,-184.4300813473523
0.006,0.8,0.1,-1540.794708203217
0.006,0.8,0.15000000000000002,-1035.1593015964845
0.006,0.8,0.2,-801.4494404746645
0.006,0.8,0.25,-533.0022729404244
0.006,0.8,0.30000000000000004,-408.09677852503756
0.006,0.8,0.35,-343.9023740333795
0.006,0.8,0.4,-244.6549751769063
0.006,0.8,0.45000000000000007,-189.04829399138328
0.006,0.8,0.5,-229.99120525315828
0.006,0.8,0.55,-221.54838487483738
0.006,0.8,0.6,-199.96805436906135
0.006,0.8500000000000001,0.1,-Inf
0.006,0.8500000000000001,0.15000000000000002,-995.8179443023112
0.006,0.8500000000000001,0.2,-696.6736385623344
0.006,0.8500000000000001,0.25,-550.5079159121782
0.006,0.8500000000000001,0.30000000000000004,-335.8648141200301
0.006,0.8500000000000001,0.35,-219.26633816550566
0.006,0.8500000000000001,0.4,-212.58024936735245
0.006,0.8500000000000001,0.45000000000000007,-264.3552513663059
0.006,0.8500000000000001,0.5,-194.81400302360004
0.006,0.8500000000000001,0.55,-197.71806211501172
0.006,0.8500000000000001,0.6,-184.89878100471623
0.006,0.9,0.1,-Inf
0.006,0.9,0.15000000000000002,-1113.2171316275972
0.006,0.9,0.2,-668.654170709488
0.006,0.9,0.25,-357.07336939043967
0.006,0.9,0.30000000000000004,-420.7993293075429
0.006,0.9,0.35,-348.95431163247895
0.006,0.9,0.4,-251.58064591222956
0.006,0.9,0.45000000000000007,-313.3760453795261
0.006,0.9,0.5,-230.54140211531137
0.006,0.9,0.55,-209.10148746591568
0.006,0.9,0.6,-Inf
0.006,0.95,0.1,-Inf
0.006,0.95,0.15000000000000002,-Inf
0.006,0.95,0.2,-Inf
0.006,0.95,0.25,-451.2035185150208
0.006,0.95,0.30000000000000004,-358.7528824373138
0.006,0.95,0.35,-345.1506420450337
0.006,0.95,0.4,-311.13602560874267
0.006,0.95,0.45000000000000007,-212.92786558940696
0.006,0.95,0.5,-210.42820436726237
0.006,0.95,0.55,-185.20761487084178
0.006,0.95,0.6,-177.29669362728004
0.006,1,0.1,-1477.140598384494
0.006,1,0.15000000000000002,-Inf
0.006,1,0.2,-826.6481725518593
0.006,1,0.25,-430.7375498031331
0.006,1,0.30000000000000004,-261.9642834953359
0.006,1,0.35,-Inf
0.006,1,0.4,-313.92994848963224
0.006,1,0.45000000000000007,-208.17509837179034
0.006,1,0.5,-209.6361979233978
0.006,1,0.55,-179.18715979019635
0.006,1,0.6,-205.52280757326525
0.007,0.5,0.1,-Inf
0.007,0.5,0.15000000000000002,-953.9360549534597
0.007,0.5,0.2,-930.5678312946449
0.007,0.5,0.25,-585.4458226113009
0.007,0.5,0.30000000000000004,-347.4703164404625
0.007,0.5,0.35,-358.2939106802256
0.007,0.5,0.4,-287.278493602892
0.007,0.5,0.45000000000000007,-277.7819713935984
0.007,0.5,0.5,-205.17765323727565
0.007,0.5,0.55,-184.4685608848913
0.007,0.5,0.6,-184.50041414333197
0.007,0.55,0.1,-Inf
0.007,0.55,0.15000000000000002,-Inf
0.007,0.55,0.2,-563.3364821647091
0.007,0.55,0.25,-324.274124976924
0.007,0.55,0.30000000000000004,-422.2660184938303
0.007,0.55,0.35,-292.9526958636486
0.007,0.55,0.4,-362.80678305099775
0.007,0.55,0.45000000000000007,-223.88397429724165
0.007,0.55,0.5,-248.37823207847532
0.007,0.55,0.55,-181.65196553950608
0.007,0.55,0.6,-177.66647965199547
0.007,0.6,0.1,-1402.1751526801595
0.007,0.6,0.15000000000000002,-940.5926762865287
0.007,0.6,0.2,-Inf
0.007,0.6,0.25,-496.9633934571208
0.007,0.6,0.30000000000000004,-375.1850210162848
0.007,0.6,0.35,-295.7044484868371
0.007,0.6,0.4,-343.6924745418436
0.007,0.6,0.45000000000000007,-Inf
0.007,0.6,0.5,-272.644312964209
0.007,0.6,0.55,-270.8825505225323
0.007,0.6,0.6,-175.90243346081854
0.007,0.65,0.1,-Inf
0.007,0.65,0.15000000000000002,-911.235308223502
0.007,0.65,0.2,-790.1090935434106
0.007,0.65,0.25,-Inf
0.007,0.65,0.30000000000000004,-395.9110019982208
0.007,0.65,0.35,-336.68038520539517
0.007,0.65,0.4,-235.61300114970095
0.007,0.65,0.45000000000000007,-235.3803964340268
0.007,0.65,0.5,-231.4365716694723
0.007,0.65,0.55,-183.5981603660565
0.007,0.65,0.6,-269.5749146141726
0.007,0.7,0.1,-1767.3385352777498
0.007,0.7,0.15000000000000002,-1290.8376478278715
0.007,0.7,0.2,-753.3371570841748
0.007,0.7,0.25,-560.7516362438282
0.007,0.7,0.30000000000000004,-339.34151524375034
0.007,0.7,0.35,-269.76517674105247
0.007,0.7,0.4,-212.56141110630597
0.007,0.7,0.45000000000000007,-234.7896359845097
0.007,0.7,0.5,-177.04769715631267
0.007,0.7,0.55,-257.90403822076803
0.007,0.7,0.6,-178.4679791960964
0.007,0.75,0.1,-1536.7403790373214
0.007,0.75,0.15000000000000002,-958.9030739786518
0.007,0.75,0.2,-779.248735650182
0.007,0.75,0.25,-587.2265362496463
0.007,0.75,0.30000000000000004,-453.7824964455456
0.007,0.75,0.35,-260.27336968856224
0.007,0.75,0.4,-237.16902364712286
0.007,0.75,0.45000000000000007,-196.70177839692673
0.007,0.75,0.5,-191.45728725064401
0.007,0.75,0.55,-205.5649654079735
0.007,0.75,0.6,-182.3106007702707
0.007,0.8,0.1,-3256.7222317201586
0.007,0.8,0.15000000000000002,-923.9140712652513
0.007,0.8,0.2,-821.6113181081774
0.007,0.8,0.25,-545.191044588801
0.007,0.8,0.30000000000000004,-Inf
0.007,0.8,0.35,-325.8973486468749
0.007,0.8,0.4,-257.638904436017
0.007,0.8,0.45000000000000007,-246.2324188081397
0.007,0.8,0.5,-227.1368585426411
0.007,0.8,0.55,-283.1322756289054
0.007,0.8,0.6,-176.13075236779156
0.007,0.8500000000000001,0.1,-1508.7903700498505
0.007,0.8500000000000001,0.15000000000000002,-Inf
0.007,0.8500000000000001,0.2,-546.795821903816
0.007,0.8500000000000001,0.25,-405.1357086515127
0.007,0.8500000000000001,0.30000000000000004,-Inf
0.007,0.8500000000000001,0.35,-365.2698994288097
0.007,0.8500000000000001,0.4,-323.679697796415
0.007,0.8500000000000001,0.45000000000000007,-239.2466038278386
0.007,0.8500000000000001,0.5,-185.44667677573295
0.007,0.8500000000000001,0.55,-199.54568394191767
0.007,0.8500000000000001,0.6,-192.0292710622353
0.007,0.9,0.1,-Inf
0.007,0.9,0.15000000000000002,-Inf
0.007,0.9,0.2,-718.0743021860142
0.007,0.9,0.25,-429.12153422312826
0.007,0.9,0.30000000000000004,-492.9689746984261
0.007,0.9,0.35,-510.8593136521326
0.007,0.9,0.4,-227.7344986849768
0.007,0.9,0.45000000000000007,-224.9118042177621
0.007,0.9,0.5,-252.39289759603088
0.007,0.9,0.55,-189.21941413171362
0.007,0.9,0.6,-184.28684031836264
0.007,0.95,0.1,-1178.2884883001714
0.007,0.95,0.15000000000000002,-Inf
0.007,0.95,0.2,-573.6991298401028
0.007,0.95,0.25,-467.14389240591
0.007,0.95,0.30000000000000004,-Inf
0.007,0.95,0.35,-306.37412045369763
0.007,0.95,0.4,-321.1822166613427
0.007,0.95,0.45000000000000007,-229.31094575352705
0.007,0.95,0.5,-195.69825177162443
0.007,0.95,0.55,-183.63812162527478
0.007,0.95,0.6,-173.83643204420804
0.007,1,0.1,-1367.425974471495
0.007,1,0.15000000000000002,-896.1401311727764
0.007,1,0.2,-720.3818664363423
0.007,1,0.25,-550.6798241077156
0.007,1,0.30000000000000004,-486.81815302506084
0.007,1,0.35,-331.41600751993974
0.007,1,0.4,-289.2574426046851
0.007,1,0.45000000000000007,-233.3630252545658
0.007,1,0.5,-196.64857387113926
0.007,1,0.55,-177.97242265442645
0.007,1,0.6,-183.21374330068176
0.008,0.5,0.1,-Inf
0.008,0.5,0.15000000000000002,-1242.6386770006357
0.008,0.5,0.2,-631.8997433021625
0.008,0.5,0.25,-495.38728188978547
0.008,0.5,0.30000000000000004,-374.09566448962994
0.008,0.5,0.35,-Inf
0.008,0.5,0.4,-302.55958166578444
0.008,0.5,0.45000000000000007,-233.12862305684405
0.008,0.5,0.5,-235.62400325698138
0.008,0.5,0.55,-285.2444315928132
0.008,0.5,0.6,-185.961129740846
0.008,0.55,0.1,-Inf
0.008,0.55,0.15000000000000002,-Inf
0.008,0.55,0.2,-813.7902331347989
0.008,0.55,0.25,-494.67598904613527
0.008,0.55,0.30000000000000004,-458.0663612186986
0.008,0.55,0.35,-258.1243635315353
0.008,0.55,0.4,-Inf
0.008,0.55,0.45000000000000007,-216.28865074975113
0.008,0.55,0.5,-267.8811668566517
0.008,0.55,0.55,-Inf
0.008,0.55,0.6,-214.24928636178157
0.008,0.6,0.1,-1618.5588932887938
0.008,0.6,0.15000000000000002,-904.870083187587
0.008,0.6,0.2,-659.3587382019632
0.008,0.6,0.25,-554.1234721816955
0.008,0.6,0.30000000000000004,-408.79367067219243
0.008,0.6,0.35,-357.5913479163907
0.008,0.6,0.4,-271.06137529672856
0.008,0.6,0.45000000000000007,-283.35817594703707
0.008,0.6,0.5,-191.30854954550858
0.008,0.6,0.55,-175.13554005040692
0.008,0.6,0.6,-178.96105263287677
0.008,0.65,0.1,-1944.9358756902113
0.008,0.65,0.15000000000000002,-1239.7394598268907
0.008,0.65,0.2,-671.3444539012584
0.008,0.65,0.25,-376.9387884217118
0.008,0.65,0.30000000000000004,-478.0922750301041
0.008,0.65,0.35,-228.83448280257153
0.008,0.65,0.4,-317.8639021079211
0.008,0.65,0.45000000000000007,-294.3859902491762
0.008,0.65,0.5,-215.45664823848438
0.008,0.65,0.55,-191.3310969470616
0.008,0.65,0.6,-190.1847164713734
0.008,0.7,0.1,-Inf
0.008,0.7,0.15000000000000002,-Inf
0.008,0.7,0.2,-667.7029822269252
0.008,0.7,0.25,-412.2702418327267
0.008,0.7,0.30000000000000004,-434.6374245964266
0.008,0.7,0.35,-413.3574560574174
0.008,0.7,0.4,-218.71427439879852
0.008,0.7,0.45000000000000007,-282.207040133638
0.008,0.7,0.5,-225.34076422358982
0.008,0.7,0.55,-209.710076727208
0.008,0.7,0.6,-178.6154324142882
0.008,0.75,0.1,-Inf
0.008,0.75,0.15000000000000002,-Inf
0.008,0.75,0.2,-632.7836560090051
0.008,0.75,0.25,-563.1725865769762
0.008,0.75,0.30000000000000004,-296.4575317435704
0.008,0.75,0.35,-334.11594660543363
0.008,0.75,0.4,-252.91049235768423
0.008,0.75,0.45000000000000007,-267.71898218265426
0.008,0.75,0.5,-213.1718868238076
0.008,0.75,0.55,-176.79900874117902
0.008,0.75,0.6,-178.99114672930858
0.008,0.8,0.1,-Inf
0.008,0.8,0.15000000000000002,-962.6746845057464
0.008,0.8,0.2,-658.4978431841998
0.008,0.8,0.25,-420.93807784812026
0.008,0.8,0.30000000000000004,-327.2795796986372
0.008,0.8,0.35,-384.23039405364136
0.008,0.8,0.4,-314.36031697818424
0.008,0.8,0.45000000000000007,-Inf
0.008,0.8,0.5,-260.599967508499
0.008,0.8,0.55,-195.16256735158987
0.008,0.8,0.6,-201.98085739704942
0.008,0.8500000000000001,0.1,-Inf
0.008,0.8500000000000001,0.15000000000000002,-706.0056291619503
0.008,0.8500000000000001,0.2,-582.8228636720863
0.008,0.8500000000000001,0.25,-489.5236941022873
0.008,0.8500000000000001,0.30000000000000004,-539.1292830699847
0.008,0.8500000000000001,0.35,-249.83919695536343
0.008,0.8500000000000001,0.4,-219.55393325970687
0.008,0.8500000000000001,0.45000000000000007,-Inf
0.008,0.8500000000000001,0.5,-181.2998469623554
0.008,0.8500000000000001,0.55,-180.43069344966165
0.008,0.8500000000000001,0.6,-228.73111603780296
0.008,0.9,0.1,-Inf
0.008,0.9,0.15000000000000002,-Inf
0.008,0.9,0.2,-602.8238897472698
0.008,0.9,0.25,-Inf
0.008,0.9,0.30000000000000004,-349.81312393467806
0.008,0.9,0.35,-333.35984035082254
0.008,0.9,0.4,-258.41552889227967
0.008,0.9,0.45000000000000007,-269.42358180356416
0.008,0.9,0.5,-197.07022934125445
0.008,0.9,0.55,-277.7527244144071
0.008,0.9,0.6,-182.391996626158
0.008,0.95,0.1,-Inf
0.008,0.95,0.15000000000000002,-Inf
0.008,0.95,0.2,-677.3715245317821
0.008,0.95,0.25,-421.7602817486124
0.008,0.95,0.30000000000000004,-344.88133757334026
0.008,0.95,0.35,-338.15990253435155
0.008,0.95,0.4,-Inf
0.008,0.95,0.45000000000000007,-309.32252348132727
0.008,0.95,0.5,-222.39390016167994
0.008,0.95,0.55,-185.50590354938157
0.008,0.95,0.6,-182.10666433943646
0.008,1,0.1,-1456.1330650705513
0.008,1,0.15000000000000002,-924.556337774859
0.008,1,0.2,-725.9005192149591
0.008,1,0.25,-532.8787002227663
0.008,1,0.30000000000000004,-334.57784537187814
0.008,1,0.35,-205.3106745732452
0.008,1,0.4,-265.71778938989166
0.008,1,0.45000000000000007,-207.56146629321182
0.008,1,0.5,-274.2925179515019
0.008,1,0.55,-183.1804440557549
0.008,1,0.6,-194.8079374335059
0.009000000000000001,0.5,0.1,-1088.9910078217895
0.009000000000000001,0.5,0.15000000000000002,-1214.4803521232875
0.009000000000000001,0.5,0.2,-856.5766776730134
0.009000000000000001,0.5,0.25,-471.53337920030197
0.009000000000000001,0.5,0.30000000000000004,-361.05908098792986
0.009000000000000001,0.5,0.35,-401.58191830624685
0.009000000000000001,0.5,0.4,-Inf
0.009000000000000001,0.5,0.45000000000000007,-209.47235011910766
0.009000000000000001,0.5,0.5,-254.8405043788847
0.009000000000000001,0.5,0.55,-229.40547664613382
0.009000000000000001,0.5,0.6,-195.2752007303081
0.009000000000000001,0.55,0.1,-Inf
0.009000000000000001,0.55,0.15000000000000002,-562.2657589344258
0.009000000000000001,0.55,0.2,-649.5935365862822
0.009000000000000001,0.55,0.25,-507.94352766745635
0.009000000000000001,0.55,0.30000000000000004,-350.8420211860189
0.009000000000000001,0.55,0.35,-281.92654466576244
0.009000000000000001,0.55,0.4,-226.13140872163063
0.009000000000000001,0.55,0.45000000000000007,-299.75864946268666
0.009000000000000001,0.55,0.5,-179.61864026684452
0.009000000000000001,0.55,0.55,-202.45624834918345
0.009000000000000001,0.55,0.6,-177.26045117045902
0.009000000000000001,0.6,0.1,-1967.4175814920989
0.009000000000000001,0.6,0.15000000000000002,-716.6077426412143
0.009000000000000001,0.6,0.2,-556.2165326180238
0.009000000000000001,0.6,0.25,-481.37065751529303
0.009000000000000001,0.6,0.30000000000000004,-391.85215400358976
0.009000000000000001,0.6,0.35,-262.5275145878819
0.009000000000000001,0.6,0.4,-263.5219560421672
0.009000000000000001,0.6,0.45000000000000007,-318.37274523419126
0.009000000000000001,0.6,0.5,-182.89945704104554
0.009000000000000001,0.6,0.55,-215.48428885304918
0.009000000000000001,0.6,0.6,-188.0984764077819
0.009000000000000001,0.65,0.1,-Inf
0.009000000000000001,0.65,0.15000000000000002,-991.727297734202
0.009000000000000001,0.65,0.2,-739.1730922260856
0.009000000000000001,0.65,0.25,-479.93690124167136
0.009000000000000001,0.65,0.30000000000000004,-402.1842418185073
0.009000000000000001,0.65,0.35,-342.7545643195489
0.009000000000000001,0.65,0.4,-310.3867115976262
0.009000000000000001,0.65,0.45000000000000007,-219.9563505298362
0.009000000000000001,0.65,0.5,-285.0016683872308
0.009000000000000001,0.65,0.55,-202.96625082289717
0.009000000000000001,0.65,0.6,-196.5281511768054
0.009000000000000001,0.7,0.1,-Inf
0.009000000000000001,0.7,0.15000000000000002,-888.2465395575389
0.009000000000000001,0.7,0.2,-695.9251269133032
0.009000000000000001,0.7,0.25,-544.5661829654634
0.009000000000000001,0.7,0.30000000000000004,-343.8541370416467
0.009000000000000001,0.7,0.35,-272.0519654379127
0.009000000000000001,0.7,0.4,-257.97532905060416
0.009000000000000001,0.7,0.45000000000000007,-222.27279617329418
0.009000000000000001,0.7,0.5,-290.0440369623162
0.009000000000000001,0.7,0.55,-251.71469301141877
0.009000000000000001,0.7,0.6,-188.97254673724711
0.009000000000000001,0.75,0.1,-Inf
0.009000000000000001,0.75,0.15000000000000002,-Inf
0.009000000000000001,0.75,0.2,-756.5068314214709
0.009000000000000001,0.75,0.25,-485.8003301472099
0.009000000000000001,0.75,0.30000000000000004,-306.62843348236277
0.009000000000000001,0.75,0.35,-257.60928914704857
0.009000000000000001,0.75,0.4,-256.35692301178443
0.009000000000000001,0.75,0.45000000000000007,-286.28495951563434
0.009000000000000001,0.75,0.5,-213.4919368344482
0.009000000000000001,0.75,0.55,-278.1257486600095
0.009000000000000001,0.75,0.6,-289.22322623211437
0.009000000000000001,0.8,0.1,-Inf
0.009000000000000001,0.8,0.15000000000000002,-Inf
0.009000000000000001,0.8,0.2,-746.8945780561551
0.009000000000000001,0.8,0.25,-597.9651358923692
0.009000000000000001,0.8,0.30000000000000004,-401.3584838258372
0.009000000000000001,0.8,0.35,-331.36680881648084
0.009000000000000001,0.8,0.4,-243.2562974502909
0.009000000000000001,0.8,0.45000000000000007,-302.03642433332567
0.009000000000000001,0.8,0.5,-275.34511861164594
0.009000000000000001,0.8,0.55,-195.12776384736782
0.009000000000000001,0.8,0.6,-180.99521539763361
0.009000000000000001,0.8500000000000001,0.1,-1450.7947418148117
0.009000000000000001,0.8500000000000001,0.15000000000000002,-Inf
0.009000000000000001,0.8500000000000001,0.2,-983.7148994769045
0.009000000000000001,0.8500000000000001,0.25,-484.8701923996048
0.009000000000000001,0.8500000000000001,0.30000000000000004,-338.18587611676395
0.009000000000000001,0.8500000000000001,0.35,-263.77512109510457
0.009000000000000001,0.8500000000000001,0.4,-251.66463442991875
0.009000000000000001,0.8500000000000001,0.45000000000000007,-195.22198517709074
0.009000000000000001,0.8500000000000001,0.5,-315.58105001671413
0.009000000000000001,0.8500000000000001,0.55,-196.3123261074436
0.009000000000000001,0.8500000000000001,0.6,-184.38896922327524
0.009000000000000001,0.9,0.1,-1297.0573264757293
0.009000000000000001,0.9,0.15000000000000002,-1060.6570814179568
0.009000000000000001,0.9,0.2,-805.6694019969092
0.009000000000000001,0.9,0.25,-504.24483134606544
0.009000000000000001,0.9,0.30000000000000004,-358.13418728191266
0.009000000000000001,0.9,0.35,-264.4611516578936
0.009000000000000001,0.9,0.4,-245.87408916566432
0.009000000000000001,0.9,0.45000000000000007,-230.21214424474135
0.009000000000000001,0.9,0.5,-178.9209805514352
0.009000000000000001,0.9,0.55,-220.52636306308898
0.009000000000000001,0.9,0.6,-222.2662798014768
0.009000000000000001,0.95,0.1,-1382.1824252151405
0.009000000000000001,0.95,0.15000000000000002,-848.3299488031644
0.009000000000000001,0.95,0.2,-488.51687933124344
0.009000000000000001,0.95,0.25,-422.42044188266317
0.009000000000000001,0.95,0.30000000000000004,-Inf
0.009000000000000001,0.95,0.35,-409.80192543351814
0.009000000000000001,0.95,0.4,-222.27816955369434
0.009000000000000001,0.95,0.45000000000000007,-208.58195397534683
0.009000000000000001,0.95,0.5,-180.07723024463456
0.009000000000000001,0.95,0.55,-177.1748888061909
0.009000000000000001,0.95,0.6,-202.74746773614703
0.009000000000000001,1,0.1,-Inf
0.009000000000000001,1,0.15000000000000002,-Inf
0.009000000000000001,1,0.2,-599.5260913402477
0.009000000000000001,1,0.25,-Inf
0.009000000000000001,1,0.30000000000000004,-417.16019339037473
0.009000000000000001,1,0.35,-345.34305774981453
0.009000000000000001,1,0.4,-Inf
0.009000000000000001,1,0.45000000000000007,-258.36695503199013
0.009000000000000001,1,0.5,-197.66856071198578
0.009000000000000001,1,0.55,-175.69981232888796
0.009000000000000001,1,0.6,-189.0765574831541
0.010000000000000002,0.5,0.1,-1841.8437731933325
0.010000000000000002,0.5,0.15000000000000002,-1132.673407418402
0.010000000000000002,0.5,0.2,-508.1592209774241
0.010000000000000002,0.5,0.25,-589.3490697276482
0.010000000000000002,0.5,0.30000000000000004,-373.289407298249
0.010000000000000002,0.5,0.35,-328.2010505514047
0.010000000000000002,0.5,0.4,-226.45850013026904
0.010000000000000002,0.5,0.45000000000000007,-221.11718831474394
0.010000000000000002,0.5,0.5,-290.5529487738587
0.010000000000000002,0.5,0.55,-171.0626148250886
0.010000000000000002,0.5,0.6,-303.26587364342083
0.010000000000000002,0.55,0.1,-1898.709434295289
0.010000000000000002,0.55,0.15000000000000002,-Inf
0.010000000000000002,0.55,0.2,-Inf
0.010000000000000002,0.55,0.25,-482.73958752841486
0.010000000000000002,0.55,0.30000000000000004,-614.8515490835551
0.010000000000000002,0.55,0.35,-333.72218262467806
0.010000000000000002,0.55,0.4,-293.93585314618656
0.010000000000000002,0.55,0.45000000000000007,-277.64398036289344
0.010000000000000002,0.55,0.5,-241.92058796221227
0.010000000000000002,0.55,0.55,-179.1097135933352
0.010000000000000002,0.55,0.6,-189.14541394238387
0.010000000000000002,0.6,0.1,-1535.8980426846197
0.010000000000000002,0.6,0.15000000000000002,-683.4591902388582
0.010000000000000002,0.6,0.2,-739.0783306625052
0.010000000000000002,0.6,0.25,-615.8220832966922
0.010000000000000002,0.6,0.30000000000000004,-375.44943728233227
0.010000000000000002,0.6,0.35,-333.34051572548435
0.010000000000000002,0.6,0.4,-266.17630728116745
0.010000000000000002,0.6,0.45000000000000007,-Inf
0.010000000000000002,0.6,0.5,-242.99798321691884
0.010000000000000002,0.6,0.55,-178.45193008586824
0.010000000000000002,0.6,0.6,-176.80336584317325
0.010000000000000002,0.65,0.1,-1378.30837239544
0.010000000000000002,0.65,0.15000000000000002,-1105.5501196462722
0.010000000000000002,0.65,0.2,-565.8887668288855
0.010000000000000002,0.65,0.25,-448.36584730029534
0.010000000000000002,0.65,0.30000000000000004,-323.3197243214332
0.010000000000000002,0.65,0.35,-224.22850823708967
0.010000000000000002,0.65,0.4,-251.89600422460427
0.010000000000000002,0.65,0.45000000000000007,-370.3675470737636
0.010000000000000002,0.65,0.5,-182.69882105045468
0.010000000000000002,0.65,0.55,-187.86103996029988
0.010000000000000002,0.65,0.6,-184.34164619606645
0.010000000000000002,0.7,0.1,-1351.4606204786255
0.010000000000000002,0.7,0.15000000000000002,-869.2248905112347
0.010000000000000002,0.7,0.2,-957.3213075867203
0.010000000000000002,0.7,0.25,-Inf
0.010000000000000002,0.7,0.30000000000000004,-340.90652041800126
0.010000000000000002,0.7,0.35,-333.7160137007751
0.010000000000000002,0.7,0.4,-235.18794901409393
0.010000000000000002,0.7,0.45000000000000007,-192.60653791515904
0.010000000000000002,0.7,0.5,-179.19118155990105
0.010000000000000002,0.7,0.55,-178.8832737081063
0.010000000000000002,0.7,0.6,-291.41323905032704
0.010000000000000002,0.75,0.1,-Inf
0.010000000000000002,0.75,0.15000000000000002,-1296.630309444709
0.010000000000000002,0.75,0.2,-726.0997500500887
0.010000000000000002,0.75,0.25,-467.74803823615076
0.010000000000000002,0.75,0.30000000000000004,-416.29973104671024
0.010000000000000002,0.75,0.35,-294.406601955622
0.010000000000000002,0.75,0.4,-295.31540086516475
0.010000000000000002,0.75,0.45000000000000007,-215.39967904799454
0.010000000000000002,0.75,0.5,-207.970743749004
0.010000000000000002,0.75,0.55,-203.6322872749776
0.010000000000000002,0.75,0.6,-181.19409587322912
0.010000000000000002,0.8,0.1,-Inf
0.010000000000000002,0.8,0.15000000000000002,-861.1114031017737
0.010000000000000002,0.8,0.2,-760.1606154882027
0.010000000000000002,0.8,0.25,-524.3029955484104
0.010000000000000002,0.8,0.30000000000000004,-381.773565991283
0.010000000000000002,0.8,0.35,-282.18947347522203
0.010000000000000002,0.8,0.4,-345.73989578134456
0.010000000000000002,0.8,0.45000000000000007,-243.6052225344252
0.010000000000000002,0.8,0.5,-303.78731378898647
0.010000000000000002,0.8,0.55,-210.04223724957797
0.010000000000000002,0.8,0.6,-176.1277324022892
0.010000000000000002,0.8500000000000001,0.1,-Inf
0.010000000000000002,0.8500000000000001,0.15000000000000002,-932.0512936884485
0.010000000000000002,0.8500000000000001,0.2,-422.27377018853844
0.010000000000000002,0.8500000000000001,0.25,-431.4881522740075
0.010000000000000002,0.8500000000000001,0.30000000000000004,-208.82449558678763
0.010000000000000002,0.8500000000000001,0.35,-285.0307757092976
0.010000000000000002,0.8500000000000001,0.4,-323.52188468135455
0.010000000000000002,0.8500000000000001,0.45000000000000007,-269.8877954427445
0.010000000000000002,0.8500000000000001,0.5,-289.0822750035566
0.010000000000000002,0.8500000000000001,0.55,-255.73576613721423
0.010000000000000002,0.8500000000000001,0.6,-194.28740836182698
0.010000000000000002,0.9,0.1,-1030.4872954495777
0.010000000000000002,0.9,0.15000000000000002,-973.318425569367
0.010000000000000002,0.9,0.2,-477.22524132699675
0.010000000000000002,0.9,0.25,-566.6312605266322
0.010000000000000002,0.9,0.30000000000000004,-313.1316417193972
0.010000000000000002,0.9,0.35,-267.88215802939567
0.010000000000000002,0.9,0.4,-236.72363601482675
0.010000000000000002,0.9,0.45000000000000007,-215.2271087927079
0.010000000000000002,0.9,0.5,-319.481426109077
0.010000000000000002,0.9,0.55,-179.14720773827582
0.010000000000000002,0.9,0.6,-175.67819215558654
0.010000000000000002,0.95,0.1,-1305.6354182520772
0.010000000000000002,0.95,0.15000000000000002,-991.9722785116269
0.010000000000000002,0.95,0.2,-580.5682751015617
0.010000000000000002,0.95,0.25,-430.3228765132511
0.010000000000000002,0.95,0.30000000000000004,-297.0221667306158
0.010000000000000002,0.95,0.35,-250.29321231003314
0.010000000000000002,0.95,0.4,-334.0507582110759
0.010000000000000002,0.95,0.45000000000000007,-206.85010145378146
0.010000000000000002,0.95,0.5,-185.66587408905463
0.010000000000000002,0.95,0.55,-178.2624875304324
0.010000000000000002,0.95,0.6,-185.63975368843285
0.010000000000000002,1,0.1,-1403.0019573469513
0.010000000000000002,1,0.15000000000000002,-888.6733295168751
0.010000000000000002,1,0.2,-Inf
0.010000000000000002,1,0.25,-505.273455782884
0.010000000000000002,1,0.30000000000000004,-417.9181303857612
0.010000000000000002,1,0.35,-269.0021803733917
0.010000000000000002,1,0.4,-208.86686585871325
0.010000000000000002,1,0.45000000000000007,-203.64484210694286
0.010000000000000002,1,0.5,-182.73233917872886
0.010000000000000002,1,0.55,-193.7952461689418
0.010000000000000002,1,0.6,-208.43268717157474
0.011,0.5,0.1,-Inf
0.011,0.5,0.15000000000000002,-1158.2573536521973
0.011,0.5,0.2,-700.9154508921043
0.011,0.5,0.25,-424.40537444313014
0.011,0.5,0.30000000000000004,-441.26046202673854
0.011,0.5,0.35,-324.0805712033203
0.011,0.5,0.4,-225.9029782257678
0.011,0.5,0.45000000000000007,-274.24899435425033
0.011,0.5,0.5,-212.08892548708172
0.011,0.5,0.55,-224.70714067663278
0.011,0.5,0.6,-200.7670364879126
0.011,0.55,0.1,-Inf
0.011,0.55,0.15000000000000002,-Inf
0.011,0.55,0.2,-587.5519294882081
0.011,0.55,0.25,-443.30041651777117
0.011,0.55,0.30000000000000004,-406.75345048386833
0.011,0.55,0.35,-Inf
0.011,0.55,0.4,-313.23852706617896
0.011,0.55,0.45000000000000007,-186.90624925696812
0.011,0.55,0.5,-191.19918595977288
0.011,0.55,0.55,-177.80586443230118
0.011,0.55,0.6,-224.3042332387646
0.011,0.6,0.1,-1820.0365254906512
0.011,0.6,0.15000000000000002,-Inf
0.011,0.6,0.2,-926.3891347997107
0.011,0.6,0.25,-587.7075194468521
0.011,0.6,0.30000000000000004,-366.8433655034463
0.011,0.6,0.35,-338.92011841093586
0.011,0.6,0.4,-255.1770181061067
0.011,0.6,0.45000000000000007,-317.28491788933616
0.011,0.6,0.5,-182.557472775519
0.011,0.6,0.55,-180.98536951924996
0.011,0.6,0.6,-230.84937916783116
0.011,0.65,0.1,-Inf
0.011,0.65,0.15000000000000002,-Inf
0.011,0.65,0.2,-Inf
0.011,0.65,0.25,-Inf
0.011,0.65,0.30000000000000004,-359.4254398184347
0.011,0.65,0.35,-304.5796406651001
0.011,0.65,0.4,-200.26334510135496
0.011,0.65,0.45000000000000007,-219.33295612939287
0.011,0.65,0.5,-293.55954787806843
0.011,0.65,0.55,-236.3268112506081
0.011,0.65,0.6,-203.83774056696473
0.011,0.7,0.1,-1603.2726552815318
0.011,0.7,0.15000000000000002,-1034.4683141087214
0.011,0.7,0.2,-781.078461112122
0.011,0.7,0.25,-726.8163268776511
0.011,0.7,0.30000000000000004,-434.96946010165186
0.011,0.7,0.35,-237.9329078058547
0.011,0.7,0.4,-216.7456902528141
0.011,0.7,0.45000000000000007,-227.20941378530068
0.011,0.7,0.5,-239.7927049370387
0.011,0.7,0.55,-189.37505117530594
0.011,0.7,0.6,-178.54536213239373
0.011,0.75,0.1,-Inf
0.011,0.75,0.15000000000000002,-722.5610664761152
0.011,0.75,0.2,-523.8965163325498
0.011,0.75,0.25,-550.689836526206
0.011,0.75,0.30000000000000004,-Inf
0.011,0.75,0.35,-384.55512901221164
0.011,0.75,0.4,-261.4964977963963
0.011,0.75,0.45000000000000007,-265.2764422917209
0.011,0.75,0.5,-216.1342794286844
0.011,0.75,0.55,-181.22392530009694
0.011,0.75,0.6,-172.90428658399804
0.011,0.8,0.1,-Inf
0.011,0.8,0.15000000000000002,-645.6250595102152
0.011,0.8,0.2,-417.96558730919355
0.011,0.8,0.25,-458.34083711119666
0.011,0.8,0.30000000000000004,-455.4586343006759
0.011,0.8,0.35,-Inf
0.011,0.8,0.4,-303.5051829798558
0.011,0.8,0.45000000000000007,-215.44798715106504
0.011,0.8,0.5,-200.51379065492387
0.011,0.8,0.55,-181.29985535944047
0.011,0.8,0.6,-182.77709026388197
0.011,0.8500000000000001,0.1,-1337.9767339946889
0.011,0.8500000000000001,0.15000000000000002,-1203.6783172951718
0.011,0.8500000000000001,0.2,-505.5747060055908
0.011,0.8500000000000001,0.25,-Inf
0.011,0.8500000000000001,0.30000000000000004,-364.1918068440999
0.011,0.8500000000000001,0.35,-279.8022392870414
0.011,0.8500000000000001,0.4,-301.25356094506935
0.011,0.8500000000000001,0.45000000000000007,-204.0838075444891
0.011,0.8500000000000001,0.5,-184.95666296820644
0.011,0.8500000000000001,0.55,-181.4970064679522
0.011,0.8500000000000001,0.6,-206.8613663195938
0.011,0.9,0.1,-1400.6789938234315
0.011,0.9,0.15000000000000002,-786.761204812358
0.011,0.9,0.2,-775.7272466975473
0.011,0.9,0.25,-587.446929349065
0.011,0.9,0.30000000000000004,-375.6807075301577
0.011,0.9,0.35,-360.4825545228921
0.011,0.9,0.4,-278.52296433620756
0.011,0.9,0.45000000000000007,-316.7371033674481
0.011,0.9,0.5,-243.8396443825875
0.011,0.9,0.55,-179.05345282614257
0.011,0.9,0.6,-212.57018342956815
0.011,0.95,0.1,-1343.5517482610271
0.011,0.95,0.15000000000000002,-684.4612500881346
0.011,0.95,0.2,-556.7576023700431
0.011,0.95,0.25,-531.6934062005516
0.011,0.95,0.30000000000000004,-282.73119053509316
0.011,0.95,0.35,-327.35064955221117
0.011,0.95,0.4,-232.63983932178786
0.011,0.95,0.45000000000000007,-283.25388820511296
0.011,0.95,0.5,-249.96163040456025
0.011,0.95,0.55,-229.86978612062939
0.011,0.95,0.6,-175.5651325195438
0.011,1,0.1,-Inf
0.011,1,0.15000000000000002,-884.3559855588426
0.011,1,0.2,-508.08211212577845
0.011,1,0.25,-433.0234327990694
0.011,1,0.30000000000000004,-328.4173955295325
0.011,1,0.35,-355.64176905593206
0.011,1,0.4,-208.0339746356022
0.011,1,0.45000000000000007,-208.49176645299104
0.011,1,0.5,-294.1789120368262
0.011,1,0.55,-195.86110252772949
0.011,1,0.6,-177.2029361873707
0.012,0.5,0.1,-1558.0096292347496
0.012,0.5,0.15000000000000002,-Inf
0.012,0.5,0.2,-608.1565936242439
0.012,0.5,0.25,-405.96512316098597
0.012,0.5,0.30000000000000004,-338.84582754286157
0.012,0.5,0.35,-291.98470104651267
0.012,0.5,0.4,-269.53418857641134
0.012,0.5,0.45000000000000007,-218.16550141968315
0.012,0.5,0.5,-186.19482500909874
0.012,0.5,0.55,-214.68090776860538
0.012,0.5,0.6,-246.30406884744167
0.012,0.55,0.1,-1458.245831437162
0.012,0.55,0.15000000000000002,-1016.4038931770635
0.012,0.55,0.2,-700.2547666146658
0.012,0.55,0.25,-452.1250534739602
0.012,0.55,0.30000000000000004,-367.16254863522283
0.012,0.55,0.35,-294.6139485759103
0.012,0.55,0.4,-294.48182481712695
0.012,0.55,0.45000000000000007,-203.2498923824259
0.012,0.55,0.5,-223.98016832127752
0.012,0.55,0.55,-208.93216969862124
0.012,0.55,0.6,-190.04609870318052
0.012,0.6,0.1,-1634.4431952397513
0.012,0.6,0.15000000000000002,-804.5116401618268
0.012,0.6,0.2,-677.6928434374097
0.012,0.6,0.25,-340.5334066184051
0.012,0.6,0.30000000000000004,-348.8968006414421
0.012,0.6,0.35,-393.9725462360653
0.012,0.6,0.4,-184.39121842697693
0.012,0.6,0.45000000000000007,-316.1504040225701
0.012,0.6,0.5,-181.95559723243008
0.012,0.6,0.55,-182.698164773776
0.012,0.6,0.6,-223.65572608628145
0.012,0.65,0.1,-1083.5200085471783
0.012,0.65,0.15000000000000002,-922.1509948844649
0.012,0.65,0.2,-Inf
0.012,0.65,0.25,-447.1093881473104
0.012,0.65,0.30000000000000004,-302.3494320777862
0.012,0.65,0.35,-298.66014051977936
0.012,0.65,0.4,-250.13053094451072
0.012,0.65,0.45000000000000007,-206.60844046782216
0.012,0.65,0.5,-269.56774619026606
0.012,0.65,0.55,-213.6674463428784
0.012,0.65,0.6,-180.76102475530178
0.012,0.7,0.1,-1652.0143892546885
0.012,0.7,0.15000000000000002,-837.3767051825307
0.012,0.7,0.2,-927.8286924620475
0.012,0.7,0.25,-368.3704176697777
0.012,0.7,0.30000000000000004,-291.0436211800492
0.012,0.7,0.35,-280.2268978105366
0.012,0.7,0.4,-216.64452064117978
0.012,0.7,0.45000000000000007,-324.4985994890269
0.012,0.7,0.5,-190.57760824416306
0.012,0.7,0.55,-192.09108089466213
0.012,0.7,0.6,-183.0308536019799
0.012,0.75,0.1,-1243.5438322830232
0.012,0.75,0.15000000000000002,-833.1763888156861
0.012,0.75,0.2,-630.5563947562903
0.012,0.75,0.25,-398.1980221938868
0.012,0.75,0.30000000000000004,-414.79473656913916
0.012,0.75,0.35,-372.26352066660127
0.012,0.75,0.4,-270.4301866352223
0.012,0.75,0.45000000000000007,-246.79637785978088
0.012,0.75,0.5,-323.13286118893893
0.012,0.75,0.55,-190.5681601791568
0.012,0.75,0.6,-235.10190065797713
0.012,0.8,0.1,-1441.465573815099
0.012,0.8,0.15000000000000002,-Inf
0.012,0.8,0.2,-789.9383383134889
0.012,0.8,0.25,-439.83667032980856
0.012,0.8,0.30000000000000004,-Inf
0.012,0.8,0.35,-223.5457148268262
0.012,0.8,0.4,-239.46527653679908
0.012,0.8,0.45000000000000007,-200.42992608728963
0.012,0.8,0.5,-222.371308093064
0.012,0.8,0.55,-188.68919118242064
0.012,0.8,0.6,-181.8682513285251
0.012,0.8500000000000001,0.1,-1445.1505837957757
0.012,0.8500000000000001,0.15000000000000002,-1082.809015614588
0.012,0.8500000000000001,0.2,-746.1510517414918
0.012,0.8500000000000001,0.25,-570.6367398341704
0.012,0.8500000000000001,0.30000000000000004,-342.1572951490351
0.012,0.8500000000000001,0.35,-302.0401004056827
0.012,0.8500000000000001,0.4,-262.33836490380133
0.012,0.8500000000000001,0.45000000000000007,-281.3506797850881
0.012,0.8500000000000001,0.5,-186.50969853307151
0.012,0.8500000000000001,0.55,-198.33672308569038
0.012,0.8500000000000001,0.6,-175.27827678537693
0.012,0.9,0.1,-Inf
0.012,0.9,0.15000000000000002,-688.6134421550794
0.012,0.9,0.2,-696.2694515016057
0.012,0.9,0.25,-445.68998576486877
0.012,0.9,0.30000000000000004,-429.17782309854414
0.012,0.9,0.35,-332.33768973931865
0.012,0.9,0.4,-302.2583543243722
0.012,0.9,0.45000000000000007,-204.84055856943166
0.012,0.9,0.5,-Inf
0.012,0.9,0.55,-189.13114687290027
0.012,0.9,0.6,-189.69015489419598
0.012,0.95,0.1,-1057.8250791687105
0.012,0.95,0.15000000000000002,-964.7341579914242
0.012,0.95,0.2,-567.704267314294
0.012,0.95,0.25,-414.9511262085097
0.012,0.95,0.30000000000000004,-378.83297710159604
0.012,0.95,0.35,-285.61454561347716
0.012,0.95,0.4,-319.61479705055257
0.012,0.95,0.45000000000000007,-191.34125667130564
0.012,0.95,0.5,-216.28103113503226
0.012,0.95,0.55,-221.64247468878807
0.012,0.95,0.6,-176.07855994193193
0.012,1,0.1,-1117.7962805584657
0.012,1,0.15000000000000002,-739.9010522920173
0.012,1,0.2,-Inf
0.012,1,0.25,-427.05287121851126
0.012,1,0.30000000000000004,-335.64270841699306
0.012,1,0.35,-256.6969537644695
0.012,1,0.4,-356.13484092911716
0.012,1,0.45000000000000007,-229.90779955475506
0.012,1,0.5,-186.729551447529
0.012,1,0.55,-201.0170770999626
0.012,1,0.6,-185.82986569151285
0.013000000000000001,0.5,0.1,-Inf
0.013000000000000001,0.5,0.15000000000000002,-890.7494449169343
0.013000000000000001,0.5,0.2,-Inf
0.013000000000000001,0.5,0.25,-527.8935329173427
0.013000000000000001,0.5,0.30000000000000004,-376.2225614629001
0.013000000000000001,0.5,0.35,-328.6899895239068
0.013000000000000001,0.5,0.4,-238.70504836502653
0.013000000000000001,0.5,0.45000000000000007,-210.6188580511993
0.013000000000000001,0.5,0.5,-177.28989097496316
0.013000000000000001,0.5,0.55,-181.04342134581685
0.013000000000000001,0.5,0.6,-192.3417797693357
0.013000000000000001,0.55,0.1,-1641.881705121423
0.013000000000000001,0.55,0.15000000000000002,-739.6506719498035
0.013000000000000001,0.55,0.2,-706.884099440971
0.013000000000000001,0.55,0.25,-468.3173934505366
0.013000000000000001,0.55,0.30000000000000004,-312.9286213050791
0.013000000000000001,0.55,0.35,-346.9007929462583
0.013000000000000001,0.55,0.4,-209.26241181467253
0.013000000000000001,0.55,0.45000000000000007,-294.73466605088
0.013000000000000001,0.55,0.5,-180.96713919213835
0.013000000000000001,0.55,0.55,-214.73664131252076
0.013000000000000001,0.55,0.6,-287.25804339691206
0.013000000000000001,0.6,0.1,-1849.4802188246995
0.013000000000000001,0.6,0.15000000000000002,-Inf
0.013000000000000001,0.6,0.2,-Inf
0.013000000000000001,0.6,0.25,-431.95509493180595
0.013000000000000001,0.6,0.30000000000000004,-405.08042427492876
0.013000000000000001,0.6,0.35,-263.0585204403131
0.013000000000000001,0.6,0.4,-378.7253365523593
0.013000000000000001,0.6,0.45000000000000007,-296.5375200251791
0.013000000000000001,0.6,0.5,-313.95164417628337
0.013000000000000001,0.6,0.55,-183.1483414336231
0.013000000000000001,0.6,0.6,-191.43576949764957
0.013000000000000001,0.65,0.1,-1309.2020376806659
0.013000000000000001,0.65,0.15000000000000002,-940.2930162702178
0.013000000000000001,0.65,0.2,-781.1169830293713
0.013000000000000001,0.65,0.25,-545.2596311690708
0.013000000000000001,0.65,0.30000000000000004,-256.91092909168003
0.013000000000000001,0.65,0.35,-263.08984669720274
0.013000000000000001,0.65,0.4,-205.39953757111306
0.013000000000000001,0.65,0.45000000000000007,-241.3492060214429
0.013000000000000001,0.65,0.5,-244.22820419188082
0.013000000000000001,0.65,0.55,-210.23732881531294
0.013000000000000001,0.65,0.6,-177.3299417431288
0.013000000000000001,0.7,0.1,-1392.161249113553
0.013000000000000001,0.7,0.15000000000000002,-1022.7538495261272
0.013000000000000001,0.7,0.2,-722.0480512056671
0.013000000000000001,0.7,0.25,-361.174718770599
0.013000000000000001,0.7,0.30000000000000004,-420.8406972693357
0.013000000000000001,0.7,0.35,-Inf
0.013000000000000001,0.7,0.4,-Inf
0.013000000000000001,0.7,0.45000000000000007,-242.25025756558153
0.013000000000000001,0.7,0.5,-213.84444234670622
0.013000000000000001,0.7,0.55,-183.32466328352797
0.013000000000000001,0.7,0.6,-191.88504004146836
0.013000000000000001,0.75,0.1,-Inf
0.013000000000000001,0.75,0.15000000000000002,-867.0699474566333
0.013000000000000001,0.75,0.2,-582.5032770379088
0.013000000000000001,0.75,0.25,-547.6483504145298
0.013000000000000001,0.75,0.30000000000000004,-335.386166857808
0.013000000000000001,0.75,0.35,-288.76421303607594
0.013000000000000001,0.75,0.4,-202.45177517427902
0.013000000000000001,0.75,0.45000000000000007,-243.09834247319986
0.013000000000000001,0.75,0.5,-329.36531984933345
0.013000000000000001,0.75,0.55,-273.690115916164
0.013000000000000001,0.75,0.6,-192.91914754380724
0.013000000000000001,0.8,0.1,-1673.693447643181
0.013000000000000001,0.8,0.15000000000000002,-1157.5404086731967
0.013000000000000001,0.8,0.2,-622.7617811906623
0.013000000000000001,0.8,0.25,-457.22109719932627
0.013000000000000001,0.8,0.30000000000000004,-377.0832544271227
0.013000000000000001,0.8,0.35,-315.8927764879178
0.013000000000000001,0.8,0.4,-335.6830983478728
0.013000000000000001,0.8,0.45000000000000007,-323.7601373685404
0.013000000000000001,0.8,0.5,-264.3268673018262
0.013000000000000001,0.8,0.55,-180.59806323813348
0.013000000000000001,0.8,0.6,-191.28467154685535
0.013000000000000001,0.8500000000000001,0.1,-1618.1861367468812
0.013000000000000001,0.8500000000000001,0.15000000000000002,-Inf
0.013000000000000001,0.8500000000000001,0.2,-638.503683836374
0.013000000000000001,0.8500000000000001,0.25,-429.34875026124246
0.013000000000000001,0.8500000000000001,0.30000000000000004,-377.6157792719358
0.013000000000000001,0.8500000000000001,0.35,-358.4680576596049
0.013000000000000001,0.8500000000000001,0.4,-201.91202437505774
0.013000000000000001,0.8500000000000001,0.45000000000000007,-293.5899223185853
0.013000000000000001,0.8500000000000001,0.5,-195.58149899284473
0.013000000000000001,0.8500000000000001,0.55,-185.07772519697795
0.013000000000000001,0.8500000000000001,0.6,-222.76394477255025
0.013000000000000001,0.9,0.1,-1240.5415516240207
0.013000000000000001,0.9,0.15000000000000002,-835.9752091991484
0.013000000000000001,0.9,0.2,-705.5628708263096
0.013000000000000001,0.9,0.25,-568.3049918887648
0.013000000000000001,0.9,0.30000000000000004,-390.05259832467596
0.013000000000000001,0.9,0.35,-205.09973142336167
0.013000000000000001,0.9,0.4,-414.40244102475384
0.013000000000000001,0.9,0.45000000000000007,-184.45921034678247
0.013000000000000001,0.9,0.5,-209.4170059055656
0.013000000000000001,0.9,0.55,-205.90376311989962
0.013000000000000001,0.9,0.6,-181.2264464087562
0.013000000000000001,0.95,0.1,-Inf
0.013000000000000001,0.95,0.15000000000000002,-859.4936482151693
0.013000000000000001,0.95,0.2,-445.9575427696782
0.013000000000000001,0.95,0.25,-420.3136711057597
0.013000000000000001,0.95,0.30000000000000004,-295.82778317771795
0.013000000000000001,0.95,0.35,-289.47360364640303
0.013000000000000001,0.95,0.4,-282.6551216646451
0.013000000000000001,0.95,0.45000000000000007,-203.72037042404827
0.013000000000000001,0.95,0.5,-219.6483007055407
0.013000000000000001,0.95,0.55,-206.9715320192351
0.013000000000000001,0.95,0.6,-203.41071295933654
0.013000000000000001,1,0.1,-1263.510714913266
0.013000000000000001,1,0.15000000000000002,-906.441029015178
0.013000000000000001,1,0.2,-586.0069847156083
0.013000000000000001,1,0.25,-382.9775438310597
0.013000000000000001,1,0.30000000000000004,-381.398363346413
0.013000000000000001,1,0.35,-279.7168082941543
0.013000000000000001,1,0.4,-300.2040472448183
0.013000000000000001,1,0.45000000000000007,-227.22026392804003
0.013000000000000001,1,0.5,-185.50892300555938
0.013000000000000001,1,0.55,-196.02921867903183
0.013000000000000001,1,0.6,-190.891693004194
0.014000000000000002,0.5,0.1,-2424.635031426388
0.014000000000000002,0.5,0.15000000000000002,-Inf
0.014000000000000002,0.5,0.2,-494.32981594757405
0.014000000000000002,0.5,0.25,-542.5009513709304
0.014000000000000002,0.5,0.30000000000000004,-391.3546400659713
0.014000000000000002,0.5,0.35,-331.229311420166
0.014000000000000002,0.5,0.4,-226.19832336499934
0.014000000000000002,0.5,0.45000000000000007,-182.53433013463757
0.014000000000000002,0.5,0.5,-313.15608269445784
0.014000000000000002,0.5,0.55,-189.86196011492677
0.014000000000000002,0.5,0.6,-176.00776048281142
0.014000000000000002,0.55,0.1,-1455.7221828002669
0.014000000000000002,0.55,0.15000000000000002,-Inf
0.014000000000000002,0.55,0.2,-687.4329304012297
0.014000000000000002,0.55,0.25,-592.7751409698478
0.014000000000000002,0.55,0.30000000000000004,-357.504661383691
0.014000000000000002,0.55,0.35,-428.00740757161145
0.014000000000000002,0.55,0.4,-261.9466052307525
0.014000000000000002,0.55,0.45000000000000007,-193.362271423445
0.014000000000000002,0.55,0.5,-218.16248964188446
0.014000000000000002,0.55,0.55,-215.06719831966973
0.014000000000000002,0.55,0.6,-180.16737605831122
0.014000000000000002,0.6,0.1,-1414.919388404091
0.014000000000000002,0.6,0.15000000000000002,-931.326129212691
0.014000000000000002,0.6,0.2,-665.7915721442253
0.014000000000000002,0.6,0.25,-428.1159258157593
0.014000000000000002,0.6,0.30000000000000004,-318.3222447952588
0.014000000000000002,0.6,0.35,-233.1620529836121
0.014000000000000002,0.6,0.4,-235.20047174393716
0.014000000000000002,0.6,0.45000000000000007,-339.7357998667277
0.014000000000000002,0.6,0.5,-238.50987752401727
0.014000000000000002,0.6,0.55,-235.61787207165605
0.014000000000000002,0.6,0.6,-179.0485794374643
0.014000000000000002,0.65,0.1,-Inf
0.014000000000000002,0.65,0.15000000000000002,-816.9821028809976
0.014000000000000002,0.65,0.2,-562.4983621210449
0.014000000000000002,0.65,0.25,-538.6132275452264
0.014000000000000002,0.65,0.30000000000000004,-432.40327797035695
0.014000000000000002,0.65,0.35,-315.73690963197157
0.014000000000000002,0.65,0.4,-283.09717091326536
0.014000000000000002,0.65,0.45000000000000007,-180.91098903791288
0.014000000000000002,0.65,0.5,-287.2238358061263
0.014000000000000002,0.65,0.55,-195.89167350511178
0.014000000000000002,0.65,0.6,-254.3282083734709
0.014000000000000002,0.7,0.1,-Inf
0.014000000000000002,0.7,0.15000000000000002,-631.8514626320224
0.014000000000000002,0.7,0.2,-689.54596333552945
0.014000000000000002,0.7,0.25,-346.85003259122277
0.014000000000000002,0.7,0.30000000000000004,-411.8632482861098
0.014000000000000002,0.7,0.35,-Inf
0.014000000000000002,0.7,0.4,-219.43838598159942
0.014000000000000002,0.7,0.45000000000000007,-276.1800315038578
0.014000000000000002,0.7,0.5,-180.38605937170956
0.014000000000000002,0.7,0.55,-220.81018385041506
0.014000000000000002,0.7,0.6,-214.5115994822039
0.014000000000000002,0.75,0.1,-1351.8239271912973
0.014000000000000002,0.75,0.15000000000000002,-748.5053090259811
0.014000000000000002,0.75,0.2,-718.2955836491778
0.014000000000000002,0.75,0.25,-416.7643094164687
0.014000000000000002,0.75,0.30000000000000004,-360.6474525672419
0.014000000000000002,0.75,0.35,-252.93181656553446
0.014000000000000002,0.75,0.4,-317.973367432931
0.014000000000000002,0.75,0.45000000000000007,-198.56777367204342
0.014000000000000002,0.75,0.5,-217.77009823829223
0.014000000000000002,0.75,0.55,-182.670121339091
0.014000000000000002,0.75,0.6,-283.6416166117806
0.014000000000000002,0.8,0.1,-1334.8221258265594
0.014000000000000002,0.8,0.15000000000000002,-884.3076125321984
0.014000000000000002,0.8,0.2,-629.7016189350752
0.014000000000000002,0.8,0.25,-409.21172716701744
0.014000000000000002,0.8,0.30000000000000004,-229.80343351045934
0.014000000000000002,0.8,0.35,-291.05059084781385
0.014000000000000002,0.8,0.4,-369.0478078816691
0.014000000000000002,0.8,0.45000000000000007,-195.0869940698455
0.014000000000000002,0.8,0.5,-290.15548469156806
0.014000000000000002,0.8,0.55,-181.67067597739322
0.014000000000000002,0.8,0.6,-195.96058445780056
0.014000000000000002,0.8500000000000001,0.1,-Inf
0.014000000000000002,0.8500000000000001,0.15000000000000002,-749.0776541026876
0.014000000000000002,0.8500000000000001,0.2,-747.2003061914787
0.014000000000000002,0.8500000000000001,0.25,-549.124045933249
0.014000000000000002,0.8500000000000001,0.30000000000000004,-361.29072849304254
0.014000000000000002,0.8500000000000001,0.35,-299.4115335950438
0.014000000000000002,0.8500000000000001,0.4,-Inf
0.014000000000000002,0.8500000000000001,0.45000000000000007,-282.872877599591
0.014000000000000002,0.8500000000000001,0.5,-197.57008920884783
0.014000000000000002,0.8500000000000001,0.55,-225.8721561808697
0.014000000000000002,0.8500000000000001,0.6,-183.85480686022544
0.014000000000000002,0.9,0.1,-1002.9099495501385
0.014000000000000002,0.9,0.15000000000000002,-866.5291814101014
0.014000000000000002,0.9,0.2,-666.7111036838807
0.014000000000000002,0.9,0.25,-491.39202275648717
0.014000000000000002,0.9,0.30000000000000004,-Inf
0.014000000000000002,0.9,0.35,-237.0701353652683
0.014000000000000002,0.9,0.4,-287.3674193774049
0.014000000000000002,0.9,0.45000000000000007,-375.5441870243601
0.014000000000000002,0.9,0.5,-346.3724643946419
0.014000000000000002,0.9,0.55,-194.31763064748606
0.014000000000000002,0.9,0.6,-182.36911787952607
0.014000000000000002,0.95,0.1,-Inf
0.014000000000000002,0.95,0.15000000000000002,-885.4945089602445
0.014000000000000002,0.95,0.2,-571.7069885119269
0.014000000000000002,0.95,0.25,-438.45900035228817
0.014000000000000002,0.95,0.30000000000000004,-Inf
0.014000000000000002,0.95,0.35,-326.386215904845
0.014000000000000002,0.95,0.4,-221.46026298991052
0.014000000000000002,0.95,0.45000000000000007,-227.9461205889574
0.014000000000000002,0.95,0.5,-177.72556538052942
0.014000000000000002,0.95,0.55,-216.2034428699431
0.014000000000000002,0.95,0.6,-183.60917811878767
0.014000000000000002,1,0.1,-1336.3791343312682
0.014000000000000002,1,0.15000000000000002,-1019.5914671696505
0.014000000000000002,1,0.2,-645.9503521420413
0.014000000000000002,1,0.25,-330.81484773049044
0.014000000000000002,1,0.30000000000000004,-323.535552437594
0.014000000000000002,1,0.35,-304.360595896326
0.014000000000000002,1,0.4,-204.90548021677546
0.014000000000000002,1,0.45000000000000007,-290.90894578853624
0.014000000000000002,1,0.5,-334.00916431928385
0.014000000000000002,1,0.55,-176.5680323621233
0.014000000000000002,1,0.6,-178.3874712566746
0.015,0.5,0.1,-1105.4623120207661
0.015,0.5,0.15000000000000002,-1181.3280211432962
0.015,0.5,0.2,-702.5833801782849
0.015,0.5,0.25,-483.4883905909774
0.015,0.5,0.30000000000000004,-417.3861861061464
0.015,0.5,0.35,-355.1977307668225
0.015,0.5,0.4,-248.05798716794408
0.015,0.5,0.45000000000000007,-204.6027855108362
0.015,0.5,0.5,-185.3769751469381
0.015,0.5,0.55,-177.50485877233484
0.015,0.5,0.6,-185.9413690530509
0.015,0.55,0.1,-1301.5161695385516
0.015,0.55,0.15000000000000002,-841.7074144779867
0.015,0.55,0.2,-606.8917352676815
0.015,0.55,0.25,-590.4583729708249
0.015,0.55,0.30000000000000004,-370.7092950802104
0.015,0.55,0.35,-210.88283650419828
0.015,0.55,0.4,-341.23291871174024
0.015,0.55,0.45000000000000007,-190.05510928705394
0.015,0.55,0.5,-217.87117089685762
0.015,0.55,0.55,-206.94040821194977
0.015,0.55,0.6,-183.6826636753542
0.015,0.6,0.1,-1138.1300165468738
0.015,0.6,0.15000000000000002,-Inf
0.015,0.6,0.2,-725.9310949315299
0.015,0.6,0.25,-335.08229596722936
0.015,0.6,0.30000000000000004,-Inf
0.015,0.6,0.35,-210.09180020245606
0.015,0.6,0.4,-225.30777297557574
0.015,0.6,0.45000000000000007,-197.39528368797022
0.015,0.6,0.5,-207.9377519177707
0.015,0.6,0.55,-222.41758885918983
0.015,0.6,0.6,-199.31898516529077
0.015,0.65,0.1,-1256.3963191468215
0.015,0.65,0.15000000000000002,-Inf
0.015,0.65,0.2,-Inf
0.015,0.65,0.25,-478.3805078691923
0.015,0.65,0.30000000000000004,-515.9280723999285
0.015,0.65,0.35,-360.12785087605516
0.015,0.65,0.4,-271.1967628657085
0.015,0.65,0.45000000000000007,-316.3431670586207
0.015,0.65,0.5,-204.5676567881011
0.015,0.65,0.55,-223.37907934561218
0.015,0.65,0.6,-229.02892227305955
0.015,0.7,0.1,-1113.4869784027871
0.015,0.7,0.15000000000000002,-961.0320162405737
0.015,0.7,0.2,-620.6479987353491
0.015,0.7,0.25,-530.8090788360545
0.015,0.7,0.30000000000000004,-380.73829608468907
0.015,0.7,0.35,-315.5420012830765
0.015,0.7,0.4,-305.2215741744102
0.015,0.7,0.45000000000000007,-216.45291020777233
0.015,0.7,0.5,-191.72490664605397
0.015,0.7,0.55,-193.79333950345313
0.015,0.7,0.6,-178.2513833929217
0.015,0.75,0.1,-1008.0520476284936
0.015,0.75,0.15000000000000002,-828.3897693918336
0.015,0.75,0.2,-419.6381460569862
0.015,0.75,0.25,-536.9172626988483
0.015,0.75,0.30000000000000004,-283.5038903348852
0.015,0.75,0.35,-340.6360348371173
0.015,0.75,0.4,-239.98225796045477
0.015,0.75,0.45000000000000007,-326.40842020036285
0.015,0.75,0.5,-250.7628592559954
0.015,0.75,0.55,-178.62820280134116
0.015,0.75,0.6,-186.15831669167284
0.015,0.8,0.1,-1294.756166414094
0.015,0.8,0.15000000000000002,-793.738680369852
0.015,0.8,0.2,-678.3313278056293
0.015,0.8,0.25,-Inf
0.015,0.8,0.30000000000000004,-429.61950493582947
0.015,0.8,0.35,-233.99535269268551
0.015,0.8,0.4,-307.65707042215354
0.015,0.8,0.45000000000000007,-315.52346321441286
0.015,0.8,0.5,-226.47332439034307
0.015,0.8,0.55,-257.93438734993464
0.015,0.8,0.6,-187.40136703798953
0.015,0.8500000000000001,0.1,-1199.24351010899
0.015,0.8500000000000001,0.15000000000000002,-745.8820853779763
0.015,0.8500000000000001,0.2,-736.7548822284564
0.015,0.8500000000000001,0.25,-506.96608530369906
0.015,0.8500000000000001,0.30000000000000004,-294.8924651277066
0.015,0.8500000000000001,0.35,-291.86280219820196
0.015,0.8500000000000001,0.4,-214.60822019120565
0.015,0.8500000000000001,0.45000000000000007,-214.44123442991912
0.015,0.8500000000000001,0.5,-184.93488735729198
0.015,0.8500000000000001,0.55,-179.23967966316798
0.015,0.8500000000000001,0.6,-185.04775130395257
0.015,0.9,0.1,-1286.8524362790042
0.015,0.9,0.15000000000000002,-944.6724556305617
0.015,0.9,0.2,-508.0586571908539
0.015,0.9,0.25,-479.4012911366041
0.015,0.9,0.30000000000000004,-381.7871998991311
0.015,0.9,0.35,-361.82313305018914
0.015,0.9,0.4,-224.9193914739953
0.015,0.9,0.45000000000000007,-213.2228405359018
0.015,0.9,0.5,-195.93156752587555
0.015,0.9,0.55,-246.65174521335234
0.015,0.9,0.6,-183.00315890387753
0.015,0.95,0.1,-1321.1717061543204
0.015,0.95,0.15000000000000002,-514.2007170642066
0.015,0.95,0.2,-525.0923476046471
0.015,0.95,0.25,-405.7949192180184
0.015,0.95,0.30000000000000004,-448.8945250119185
0.015,0.95,0.35,-225.83091064268694
0.015,0.95,0.4,-239.7126068861652
0.015,0.95,0.45000000000000007,-283.9308585704337
0.015,0.95,0.5,-180.00988218089896
0.015,0.95,0.55,-189.27180481005468
0.015,0.95,0.6,-195.0679305379839
0.015,1,0.1,-1248.1185733606742
0.015,1,0.15000000000000002,-553.0798454374947
0.015,1,0.2,-589.0428871570123
0.015,1,0.25,-368.1706498719623
0.015,1,0.30000000000000004,-397.87290399718535
0.015,1,0.35,-284.4796682783764
0.015,1,0.4,-231.70242864568917
0.015,1,0.45000000000000007,-337.7681590051793
0.015,1,0.5,-278.23636946358164
0.015,1,0.55,-184.37180014211083
0.015,1,0.6,-198.88826744623174
